Swimmer_ID,Time,Meet,Year,Date,Imp
172052,20.33,ACC Men's Championships, 2015,"Feb 26, 2015",+4.4%
172052,20.33,2015 Atlantic Coast Championships (M), 2015,"Feb 26, 2015",+4.4%
172052,21.37,Pittsburgh vs. West Virginia, 2015,"Jan 10, 2015",-0.5%
172052,21.50,"Notre Dame vs. Pittsburgh, Virginia Tech", 2014,"Nov 07, 2014",-1.1%
172052,21.28,"Georgia Tech vs. Georgia Southern, Pittsburgh", 2014,"Oct 18, 2014",-0.1%
172052,21.26,Pittsburgh vs. Duke, 2014,"Oct 11, 2014",NA
172052,20.64,2014 Atlantic Coast Conference Championships (M), 2014,"Feb 27, 2014",+1.4%
172052,21.61,"Pittsburgh vs. Denison, James Madison, North Carolina State", 2014,"Jan 18, 2014",-3.2%
172052,20.94,2013 AT&T Winter National Championships, 2013,"Dec 05, 2013",+0.8%
172052,21.25,Pittsburgh Invitational, 2013,"Nov 22, 2013",-0.7%
172052,21.25,Pitt Panthers Invitational, 2013,"Nov 22, 2013",-0.7%
172052,21.10,"Pittsburgh vs. Notre Dame, Virginia Tech", 2013,"Nov 09, 2013",+0.9%
172052,21.29,Bucknell vs. Pittsburgh, 2013,"Oct 26, 2013",+2.2%
172052,21.97,Saint Bonaventure vs. Pittsburgh, 2013,"Oct 19, 2013",NA
172052,21.76,Saint Bonaventure vs. Pittsburgh, 2013,"Oct 19, 2013",NA
172052,20.56,2013 Big East Conference Championships, 2013,"Feb 28, 2013",+1.2%
172052,20.57,2013 Big East Conference Championships, 2013,"Feb 28, 2013",+1.1%
172052,21.51,Villanova vs. Pittsburgh, 2013,"Jan 25, 2013",-3.4%
172052,22.09,Villanova vs. Pittsburgh, 2013,"Jan 25, 2013",-6.2%
172052,21.22,Pittsburgh vs. West Virginia, 2013,"Jan 12, 2013",-2.0%
172052,21.18,AT&T Winter National Championships, 2012,"Nov 29, 2012",-1.8%
172052,21.18,USA Swimming Winter Nationals, 2012,"Nov 29, 2012",-1.8%
172052,20.83,Pittsburgh Invitational, 2012,"Nov 16, 2012",NA
172052,20.80,Pittsburgh Invitational, 2012,"Nov 16, 2012",NA
172052,20.72,Big East Conference Championships, 2012,"Feb 16, 2012",+1.1%
172052,21.48,Virginia vs. Pittsburgh, 2012,"Jan 28, 2012",-2.5%
172052,21.59,Virginia vs. Pittsburgh, 2012,"Jan 28, 2012",-3.0%
172052,21.38,"Pittsburgh vs. Maryland, Richmond, Villanova", 2012,"Jan 14, 2012",-2.0%
172052,20.96,Pittsburgh Invitational, 2011,"Nov 18, 2011",+2.1%
172052,21.41,Pittsburgh vs. Louisville, 2011,"Nov 04, 2011",+0.2%
172052,21.46,Pittsburgh vs. Notre Dame, 2011,"Oct 28, 2011",+2.2%
172052,21.95,Saint Bonaventure vs. Pittsburgh, 2011,"Oct 22, 2011",-0.0%
172052,21.94,Buffalo vs. Pittsburgh, 2011,"Oct 21, 2011",NA
111837,20.67,2017 Atlantic Coast Championships (M), 2017,"Feb 28, 2017",+0.0%
111837,21.24,"Ohio State vs. Akron, Pittsburgh", 2017,"Jan 21, 2017",-2.7%
111837,21.39,AM TPIT 55th Annual Christmas Meet Invitational, 2016,"Dec 17, 2016",-3.4%
111837,21.42,AM TPIT 55th Annual Christmas Meet Invitational, 2016,"Dec 17, 2016",-3.6%
111837,20.78,Ohio State Invitational, 2016,"Nov 18, 2016",+1.1%
111837,20.68,Ohio State Invitational, 2016,"Nov 18, 2016",+1.6%
111837,21.17,"Pittsburgh vs. Notre Dame, Virginia Tech", 2016,"Nov 05, 2016",-0.8%
111837,21.01,Pittsburgh vs. SUNY Buffalo, 2016,"Oct 28, 2016",+1.3%
111837,21.31,Virginia vs. Pittsburgh, 2016,"Oct 21, 2016",-0.1%
111837,21.28,"Boston College vs. Georgia Tech, Pittsburgh", 2016,"Oct 08, 2016",NA
111837,20.41,2016 Atlantic Coast Championships (M), 2016,"Feb 25, 2016",+0.5%
111837,20.34,2016 Atlantic Coast Championships (M), 2016,"Feb 25, 2016",+0.9%
111837,20.75,Western PA Invitational, 2016,"Jan 30, 2016",-1.1%
111837,21.28,West Virginia vs. Pittsburgh, 2016,"Jan 09, 2016",-3.7%
111837,20.68,Big Al Open, 2015,"Dec 04, 2015",+1.1%
111837,20.52,Big Al Open, 2015,"Dec 04, 2015",+1.9%
111837,20.92,Pittsburgh Invitational, 2015,"Nov 20, 2015",+0.3%
111837,21.34,"Virginia Tech vs. Notre Dame, Pittsburgh", 2015,"Nov 07, 2015",-1.7%
111837,20.98,Pittsburgh vs. Georgia Tech, 2015,"Oct 17, 2015",NA
111837,20.79,ACC Men's Championships, 2015,"Feb 27, 2015",-0.9%
111837,20.61,ACC Men's Championships, 2015,"Feb 26, 2015",+2.0%
111837,20.79,2015 Atlantic Coast Championships (M), 2015,"Feb 27, 2015",-0.9%
111837,20.61,2015 Atlantic Coast Championships (M), 2015,"Feb 26, 2015",+2.0%
111837,21.60,"Denison vs. Ohio State, Pittsburgh", 2015,"Jan 17, 2015",-2.8%
111837,21.60,"Denison vs. Ohio State, Pittsburgh", 2015,"Jan 17, 2015",-2.8%
111837,21.36,"Denison vs. Ohio State, Pittsburgh", 2015,"Jan 17, 2015",-1.6%
111837,21.36,"Denison vs. Ohio State, Pittsburgh", 2015,"Jan 17, 2015",-1.6%
111837,21.19,Pittsburgh vs. West Virginia, 2015,"Jan 10, 2015",-0.8%
111837,21.06,Pittsburg Invitational, 2014,"Nov 21, 2014",-0.2%
111837,21.13,Pittsburg Invitational, 2014,"Nov 21, 2014",-0.5%
111837,21.28,Pittsburg Invitational, 2014,"Nov 21, 2014",-1.2%
111837,21.45,"Notre Dame vs. Pittsburgh, Virginia Tech", 2014,"Nov 07, 2014",-2.0%
111837,21.80,Bucknell vs. Pittsburgh, 2014,"Oct 25, 2014",-3.7%
111837,21.02,Pittsburgh vs. Saint Bonaventure, 2014,"Oct 24, 2014",NA
111837,21.03,2014 Eastern College Athletic Conference Championships, 2014,"Feb 28, 2014",+0.4%
111837,20.93,2014 Eastern College Athletic Conference Championships, 2014,"Feb 28, 2014",+0.9%
111837,21.49,Virginia vs. Pittsburgh, 2014,"Feb 08, 2014",-1.8%
111837,21.50,Virginia vs. Pittsburgh, 2014,"Feb 08, 2014",-1.8%
111837,21.36,Western Pennsylvania Invitational, 2014,"Feb 01, 2014",-1.1%
111837,21.66,West Virginia vs. Pittsburgh, 2014,"Jan 11, 2014",-2.6%
111837,21.36,Pittsburgh Invitational, 2013,"Nov 22, 2013",NA
111837,21.12,Pittsburgh Invitational, 2013,"Nov 22, 2013",NA
111837,21.36,Pitt Panthers Invitational, 2013,"Nov 22, 2013",NA
111837,21.12,Pitt Panthers Invitational, 2013,"Nov 22, 2013",NA
111837,21.11,2013 NCSA Junior National Championships, 2013,"Mar 16, 2013",NA
111837,21.06,2013 NCSA Junior National Championships, 2013,"Mar 16, 2013",NA
111837,21.53,2011 Speedo Short Course Junior Nationals, 2011,"Dec 08, 2011",NA
111837,22.09,"2011 Speedo Sectionals - Waukesha, WI", 2011,"Mar 12, 2011",NA
111837,21.77,"2011 Speedo Sectionals - Waukesha, WI", 2011,"Mar 12, 2011",NA
181673,21.98,Pittsburgh Invitational, 2013,"Nov 22, 2013",NA
181673,21.82,Pittsburgh Invitational, 2013,"Nov 22, 2013",NA
181673,21.98,Pitt Panthers Invitational, 2013,"Nov 22, 2013",NA
181673,21.82,Pitt Panthers Invitational, 2013,"Nov 22, 2013",NA
189666,22.51,AM TPIT 55th Annual Christmas Meet Invitational, 2016,"Dec 17, 2016",NA
189666,22.37,Pittsburgh vs. Georgia Tech, 2015,"Oct 17, 2015",NA
189666,22.63,"Notre Dame vs. Pittsburgh, Virginia Tech", 2014,"Nov 07, 2014",NA
189666,22.84,Western Pennsylvania Invitational, 2014,"Feb 01, 2014",NA
216642,21.48,2014 Eastern College Athletic Conference Championships, 2014,"Feb 28, 2014",+0.0%
216642,21.49,Pittsburgh Invitational, 2013,"Nov 22, 2013",NA
216642,21.71,Pittsburgh Invitational, 2013,"Nov 22, 2013",NA
216642,21.49,Pitt Panthers Invitational, 2013,"Nov 22, 2013",NA
216642,21.71,Pitt Panthers Invitational, 2013,"Nov 22, 2013",NA
216642,21.63,"2013 Speedo Champions Series - Christiansburg, VA", 2013,"Mar 24, 2013",-1.0%
216642,21.91,"2013 Speedo Champions Series - Christiansburg, VA", 2013,"Mar 23, 2013",-2.3%
216642,21.42,2012-13 Pennsylvania Boys & Girls AAA Championships, 2013,"Mar 13, 2013",NA
216642,21.86,2012 Middle Atlantic SC Senior Championship, 2012,"Mar 24, 2012",+2.6%
216642,22.07,2012 Middle Atlantic SC Senior Championship, 2012,"Mar 24, 2012",+1.6%
216642,22.44,Tom Dolan Invitational, 2011,"Dec 10, 2011",NA
216642,22.29,MIddle Atlantic Senior Championships, 2011,"Mar 26, 2011",NA
216642,22.29,MIddle Atlantic Senior Championships, 2011,"Mar 26, 2011",NA
158947,20.16,ACC Men's Championships, 2015,"Feb 27, 2015",-0.9%
158947,19.99,ACC Men's Championships, 2015,"Feb 26, 2015",+1.0%
158947,20.14,ACC Men's Championships, 2015,"Feb 26, 2015",+0.2%
158947,20.16,2015 Atlantic Coast Championships (M), 2015,"Feb 27, 2015",-0.9%
158947,19.99,2015 Atlantic Coast Championships (M), 2015,"Feb 26, 2015",+1.0%
158947,20.14,2015 Atlantic Coast Championships (M), 2015,"Feb 26, 2015",+0.2%
158947,21.12,Villanova vs. Pittsburgh, 2015,"Feb 07, 2015",-4.6%
158947,20.57,"Pittsburgh vs. Clarion, California, Carnegie Mellon, Duquesne", 2015,"Jan 31, 2015",-1.9%
158947,21.19,"Denison vs. Ohio State, Pittsburgh", 2015,"Jan 17, 2015",-5.0%
158947,21.19,"Denison vs. Ohio State, Pittsburgh", 2015,"Jan 17, 2015",-5.0%
158947,20.91,Pittsburgh vs. West Virginia, 2015,"Jan 10, 2015",-3.6%
158947,20.19,AT&T Winter Nationals - College Results, 2014,"Dec 04, 2014",+1.4%
158947,20.48,Pittsburg Invitational, 2014,"Nov 21, 2014",+1.0%
158947,20.58,Pittsburg Invitational, 2014,"Nov 21, 2014",+0.5%
158947,20.65,Pittsburg Invitational, 2014,"Nov 21, 2014",+0.1%
158947,21.31,"Notre Dame vs. Pittsburgh, Virginia Tech", 2014,"Nov 07, 2014",-3.0%
158947,21.15,"Notre Dame vs. Pittsburgh, Virginia Tech", 2014,"Nov 07, 2014",-2.3%
158947,21.07,Bucknell vs. Pittsburgh, 2014,"Oct 25, 2014",-1.9%
158947,20.86,Pittsburgh vs. Saint Bonaventure, 2014,"Oct 24, 2014",-0.9%
158947,21.18,"Georgia Tech vs. Georgia Southern, Pittsburgh", 2014,"Oct 18, 2014",-2.4%
158947,20.68,Pittsburgh vs. Duke, 2014,"Oct 11, 2014",NA
158947,20.03,2014 Atlantic Coast Conference Championships (M), 2014,"Feb 27, 2014",+1.6%
158947,20.17,2014 Atlantic Coast Conference Championships (M), 2014,"Feb 27, 2014",+0.9%
158947,21.30,Virginia vs. Pittsburgh, 2014,"Feb 08, 2014",-4.7%
158947,21.34,Virginia vs. Pittsburgh, 2014,"Feb 08, 2014",-4.9%
158947,21.49,Western Pennsylvania Invitational, 2014,"Feb 01, 2014",-5.6%
158947,21.21,"Pittsburgh vs. Denison, James Madison, North Carolina State", 2014,"Jan 18, 2014",-4.2%
158947,21.63,West Virginia vs. Pittsburgh, 2014,"Jan 11, 2014",-6.3%
158947,20.55,2013 AT&T Winter National Championships, 2013,"Dec 05, 2013",-0.3%
158947,20.62,2013 AT&T Winter National Championships, 2013,"Dec 05, 2013",-0.7%
158947,20.35,2013 AT&T Winter National Championships, 2013,"Dec 05, 2013",+0.6%
158947,20.76,Pittsburgh Invitational, 2013,"Nov 22, 2013",+0.5%
158947,20.73,Pittsburgh Invitational, 2013,"Nov 22, 2013",+0.6%
158947,20.48,Pittsburgh Invitational, 2013,"Nov 22, 2013",+1.8%
158947,20.76,Pitt Panthers Invitational, 2013,"Nov 22, 2013",+0.5%
158947,20.73,Pitt Panthers Invitational, 2013,"Nov 22, 2013",+0.6%
158947,20.48,Pitt Panthers Invitational, 2013,"Nov 22, 2013",+1.8%
158947,20.86,"Pittsburgh vs. Notre Dame, Virginia Tech", 2013,"Nov 09, 2013",+1.7%
158947,21.21,Bucknell vs. Pittsburgh, 2013,"Oct 26, 2013",+2.6%
158947,21.77,Saint Bonaventure vs. Pittsburgh, 2013,"Oct 19, 2013",NA
158947,20.57,2013 Big East Conference Championships, 2013,"Feb 28, 2013",+0.7%
158947,20.43,2013 Big East Conference Championships, 2013,"Feb 28, 2013",+1.4%
158947,21.55,Villanova vs. Pittsburgh, 2013,"Jan 25, 2013",-4.1%
158947,21.41,Pittsburgh vs. West Virginia, 2013,"Jan 12, 2013",-3.4%
158947,20.71,Pittsburgh Invitational, 2012,"Nov 16, 2012",+3.1%
158947,20.89,Pittsburgh Invitational, 2012,"Nov 16, 2012",+2.3%
158947,20.86,Pittsburgh Invitational, 2012,"Nov 16, 2012",+2.4%
158947,21.38,Notre Dame vs. Pittsburgh, 2012,"Nov 09, 2012",+0.1%
158947,21.61,Cincinnati vs. Pittsburgh, 2012,"Nov 03, 2012",-0.9%
158947,21.41,Pittsburgh vs. Virginia, 2012,"Oct 28, 2012",+1.1%
158947,21.65,Pittsburgh vs. Saint Bonaventure, 2012,"Oct 20, 2012",NA
158947,21.04,2011-12 Pennsylvania Boys & Girls AAA Championships, 2012,"Mar 14, 2012",NA
158947,21.20,2011-12 Pennsylvania Boys & Girls AAA Championships, 2012,"Mar 14, 2012",NA
158947,20.94,2011-12 Pennsylvania Boys & Girls AAA Championships, 2012,"Mar 14, 2012",NA
158947,21.16,2011-12 Pennsylvania Boys & Girls AAA Championships, 2012,"Mar 14, 2012",NA
158947,21.41,2011 YMCA National Championships (SCY), 2011,"Apr 05, 2011",-0.8%
158947,21.53,2011 YMCA National Championships (SCY), 2011,"Apr 05, 2011",-1.4%
158947,21.46,2010-11 Pennsylvania AAA Championships - Boys, 2011,"Mar 16, 2011",NA
158947,21.23,2010-11 Pennsylvania AAA Championships - Boys, 2011,"Mar 16, 2011",NA
158947,21.72,2009-10 Pennsylvania AAA Championships - Boys, 2010,"Mar 17, 2010",NA
178950,21.09,LE LESD Mark J Braun Fall Classic, 2018,"Nov 18, 2018",NA
178950,20.88,Western PA Invitational, 2017,"Jan 28, 2017",+1.9%
178950,21.28,Ohio State Invitational, 2016,"Nov 18, 2016",+4.1%
178950,22.20,Virginia vs. Pittsburgh, 2016,"Oct 21, 2016",NA
178950,22.06,West Virginia vs. Pittsburgh, 2016,"Jan 09, 2016",-5.6%
178950,20.90,Pittsburgh Invitational, 2015,"Nov 20, 2015",NA
178950,20.51,ACC Men's Championships, 2015,"Feb 27, 2015",+1.6%
178950,20.51,2015 Atlantic Coast Championships (M), 2015,"Feb 27, 2015",+1.6%
178950,21.23,"Pittsburgh vs. Clarion, California, Carnegie Mellon, Duquesne", 2015,"Jan 31, 2015",-1.9%
178950,20.84,Pittsburg Invitational, 2014,"Nov 21, 2014",+2.0%
178950,21.90,Pittsburg Invitational, 2014,"Nov 21, 2014",-3.0%
178950,21.56,Bucknell vs. Pittsburgh, 2014,"Oct 25, 2014",-1.4%
178950,21.26,Pittsburgh vs. Saint Bonaventure, 2014,"Oct 24, 2014",+2.1%
178950,21.99,"Georgia Tech vs. Georgia Southern, Pittsburgh", 2014,"Oct 18, 2014",-1.3%
178950,21.71,Pittsburgh vs. Duke, 2014,"Oct 11, 2014",NA
178950,20.94,Pittsburgh Invitational, 2013,"Nov 22, 2013",NA
178950,21.37,Pittsburgh Invitational, 2013,"Nov 22, 2013",NA
178950,20.94,Pitt Panthers Invitational, 2013,"Nov 22, 2013",NA
178950,21.37,Pitt Panthers Invitational, 2013,"Nov 22, 2013",NA
97587,21.40,Pittsburg Invitational, 2014,"Nov 21, 2014",NA
97587,21.62,Pittsburgh vs. Villanova, 2014,"Jan 31, 2014",-2.5%
97587,21.96,Western Pennsylvania Invitational, 2014,"Feb 01, 2014",-4.1%
97587,21.09,Pittsburgh Invitational, 2013,"Nov 22, 2013",NA
97587,21.09,Pitt Panthers Invitational, 2013,"Nov 22, 2013",NA
97587,21.61,"Pittsburgh vs. Carnegie Mellon, Grove City, California-PA", 2013,"Feb 02, 2013",-0.7%
97587,22.01,Villanova vs. Pittsburgh, 2013,"Jan 25, 2013",-2.6%
97587,21.46,Pittsburgh Invitational, 2012,"Nov 16, 2012",NA
97587,21.57,"Clarion vs. Carnegie Mellon, Grove City, Pittsburgh", 2012,"Feb 04, 2012",NA
155785,25.60,"2013 Speedo Champions Series LCM - Athlens, GA", 2013,"Jul 11, 2013",NA
167699,24.68,Eastern Zone Senior Championships, 2015,"Aug 06, 2015",NA
142705,21.81,2010-11 Pennsylvania AAA Championships - Boys, 2011,"Mar 16, 2011",NA
142705,22.00,2010-11 Pennsylvania AAA Championships - Boys, 2011,"Mar 16, 2011",NA
151959,21.98,"Pittsburgh vs. Clarion, California, Carnegie Mellon, Duquesne", 2015,"Jan 31, 2015",+1.6%
151959,22.34,Pittsburgh vs. Saint Bonaventure, 2014,"Oct 24, 2014",NA
151959,22.31,Western Pennsylvania Invitational, 2014,"Feb 01, 2014",NA
168761,20.79,ACC Men's Championships, 2015,"Feb 26, 2015",+1.8%
168761,20.79,2015 Atlantic Coast Championships (M), 2015,"Feb 26, 2015",+1.8%
168761,21.18,"Pittsburgh vs. Clarion, California, Carnegie Mellon, Duquesne", 2015,"Jan 31, 2015",+1.3%
168761,21.45,Pittsburgh vs. Saint Bonaventure, 2014,"Oct 24, 2014",NA
168761,20.92,2014 Atlantic Coast Conference Championships (M), 2014,"Feb 27, 2014",+2.6%
168761,21.71,Western Pennsylvania Invitational, 2014,"Feb 01, 2014",-1.1%
168761,21.47,USA Winter Nationals - College Time Trials, 2013,"Dec 05, 2013",NA
168761,21.18,2013 Big East Conference Championships, 2013,"Feb 28, 2013",+1.3%
168761,21.78,"Pittsburgh vs. Carnegie Mellon, Grove City, California-PA", 2013,"Feb 02, 2013",-1.5%
168761,21.46,Pittsburgh Invitational, 2012,"Nov 16, 2012",NA
168761,21.93,Pittsburgh Invitational, 2012,"Nov 16, 2012",NA
168761,21.71,2012-13 Eastern Interscholastic Swimming Championships, 2012,"Feb 24, 2012",NA
168761,21.96,2012-13 Eastern Interscholastic Swimming Championships, 2012,"Feb 24, 2012",NA
168761,22.05,2011 YMCA National Championships (SCY), 2011,"Apr 05, 2011",+1.5%
168761,22.41,2011 YMCA National Championshiops - Seed Times, 2010,"Apr 10, 2010",NA
168761,22.41,2011 YMCA National Championshiops - Seed Times, 2010,"Apr 10, 2010",NA
168761,22.39,111st Eastern Interscholastic Swimming Championships, 2011,"Feb 25, 2011",NA
168761,22.41,2009 YMCA National Championships, 2009,"Apr 06, 2009",NA
166014,25.14,Speedo Champions Series - Buffalo, 2015,"Mar 29, 2015",NA
85278,20.46,2014 Atlantic Coast Conference Championships (M), 2014,"Feb 27, 2014",+1.6%
85278,21.34,Virginia vs. Pittsburgh, 2014,"Feb 08, 2014",-2.6%
85278,20.87,Pittsburgh vs. Villanova, 2014,"Jan 31, 2014",-0.4%
85278,20.90,Western Pennsylvania Invitational, 2014,"Feb 01, 2014",-0.5%
85278,21.24,"Pittsburgh vs. Denison, James Madison, North Carolina State", 2014,"Jan 18, 2014",-2.2%
85278,20.79,2013 AT&T Winter National Championships, 2013,"Dec 05, 2013",+0.8%
85278,20.96,Pittsburgh Invitational, 2013,"Nov 22, 2013",+0.1%
85278,21.25,Pittsburgh Invitational, 2013,"Nov 22, 2013",-1.3%
85278,20.96,Pitt Panthers Invitational, 2013,"Nov 22, 2013",+0.1%
85278,21.25,Pitt Panthers Invitational, 2013,"Nov 22, 2013",-1.3%
85278,20.98,"Pittsburgh vs. Notre Dame, Virginia Tech", 2013,"Nov 09, 2013",+2.5%
85278,21.52,Bucknell vs. Pittsburgh, 2013,"Oct 26, 2013",NA
85278,20.64,2013 Big East Conference Championships, 2013,"Feb 28, 2013",+1.2%
85278,20.56,2013 Big East Conference Championships, 2013,"Feb 28, 2013",+1.6%
85278,21.36,Pittsburgh vs. West Virginia, 2013,"Jan 12, 2013",-2.2%
85278,20.90,Pittsburgh Invitational, 2012,"Nov 16, 2012",+1.1%
85278,20.91,Pittsburgh Invitational, 2012,"Nov 16, 2012",+1.1%
85278,21.48,Notre Dame vs. Pittsburgh, 2012,"Nov 09, 2012",-1.6%
85278,21.34,Cincinnati vs. Pittsburgh, 2012,"Nov 03, 2012",-0.9%
85278,21.14,Pittsburgh vs. Virginia, 2012,"Oct 28, 2012",+0.9%
85278,21.33,Pittsburgh vs. Saint Bonaventure, 2012,"Oct 20, 2012",NA
85278,21.19,"Clarion vs. Carnegie Mellon, Grove City, Pittsburgh", 2012,"Feb 04, 2012",+0.1%
85278,21.21,Pittsburgh Invitational, 2011,"Nov 18, 2011",+1.6%
85278,21.56,Pittsburgh vs. Louisville, 2011,"Nov 04, 2011",+0.5%
85278,21.66,Pittsburgh vs. Notre Dame, 2011,"Oct 28, 2011",+2.3%
85278,22.17,Saint Bonaventure vs. Pittsburgh, 2011,"Oct 22, 2011",NA
85278,21.17,Eastern College Athletic Conference Championships, 2011,"Feb 25, 2011",-0.5%
85278,21.30,Eastern College Athletic Conference Championships, 2011,"Feb 25, 2011",-1.1%
85278,21.06,Big East Conference Championships, 2011,"Feb 17, 2011",+0.3%
85278,21.13,"Pitt vs. Carnegie Mellon, Clarion, California-PA", 2011,"Feb 05, 2011",+4.0%
85278,22.11,Frank Elm Super Splash, 2010,"Nov 19, 2010",+0.2%
85278,22.02,Frank Elm Super Splash, 2010,"Nov 19, 2010",+0.6%
85278,22.16,Pittsburgh vs. St. Bonaventure, 2010,"Oct 16, 2010",NA
85278,21.86,2010 NSCA Junior Nationals, 2010,"Mar 20, 2010",NA
215883,23.53,AM TPIT 55th Annual Christmas Meet Invitational, 2016,"Dec 17, 2016",NA
295124,20.90,2014 Eastern College Athletic Conference Championships, 2014,"Feb 28, 2014",+1.3%
295124,20.89,2014 Eastern College Athletic Conference Championships, 2014,"Feb 28, 2014",+1.4%
295124,21.76,Pittsburgh vs. Villanova, 2014,"Jan 31, 2014",-2.7%
295124,21.47,Western Pennsylvania Invitational, 2014,"Feb 01, 2014",-1.4%
295124,21.70,"Pittsburgh vs. Denison, James Madison, North Carolina State", 2014,"Jan 18, 2014",-2.5%
295124,21.88,West Virginia vs. Pittsburgh, 2014,"Jan 11, 2014",-3.3%
295124,21.19,Pittsburgh Invitational, 2013,"Nov 22, 2013",+1.1%
295124,21.18,Pittsburgh Invitational, 2013,"Nov 22, 2013",+1.1%
295124,21.19,Pitt Panthers Invitational, 2013,"Nov 22, 2013",+1.1%
295124,21.18,Pitt Panthers Invitational, 2013,"Nov 22, 2013",+1.1%
295124,21.42,"Pittsburgh vs. Notre Dame, Virginia Tech", 2013,"Nov 09, 2013",+1.2%
295124,21.68,Bucknell vs. Pittsburgh, 2013,"Oct 26, 2013",+1.0%
295124,21.91,Saint Bonaventure vs. Pittsburgh, 2013,"Oct 19, 2013",NA
115122,20.79,Western PA Invitational, 2016,"Jan 30, 2016",-1.9%
115122,20.87,Pittsburgh vs. Denison, 2016,"Jan 16, 2016",-2.3%
115122,20.66,Pittsburgh vs. Denison, 2016,"Jan 16, 2016",-1.3%
115122,21.45,West Virginia vs. Pittsburgh, 2016,"Jan 09, 2016",-5.1%
115122,20.62,Big Al Open, 2015,"Dec 04, 2015",+0.0%
115122,20.40,Big Al Open, 2015,"Dec 04, 2015",+1.1%
115122,20.42,Big Al Open, 2015,"Dec 04, 2015",+1.0%
115122,20.63,Pittsburgh Invitational, 2015,"Nov 20, 2015",+0.7%
115122,20.67,Pittsburgh Invitational, 2015,"Nov 20, 2015",+0.5%
115122,20.77,"Virginia Tech vs. Notre Dame, Pittsburgh", 2015,"Nov 07, 2015",+0.3%
115122,20.83,Pittsburgh vs. Georgia Tech, 2015,"Oct 17, 2015",+1.5%
115122,20.87,Pittsburgh vs. Georgia Tech, 2015,"Oct 17, 2015",+1.3%
115122,21.15,Duke vs. Pittsburgh, 2015,"Oct 03, 2015",NA
115122,20.20,Ohio State Last Chance Meet, 2015,"Mar 08, 2015",+1.2%
115122,20.96,"Denison vs. Ohio State, Pittsburgh", 2015,"Jan 17, 2015",-2.5%
115122,20.96,"Denison vs. Ohio State, Pittsburgh", 2015,"Jan 17, 2015",-2.5%
115122,20.45,AT&T Winter Nationals - College Results, 2014,"Dec 04, 2014",+1.6%
115122,21.06,"Notre Dame vs. Pittsburgh, Virginia Tech", 2014,"Nov 07, 2014",-1.3%
115122,20.79,Pittsburgh vs. Saint Bonaventure, 2014,"Oct 24, 2014",NA
115122,20.36,2014 Atlantic Coast Conference Championships (M), 2014,"Feb 27, 2014",+0.6%
115122,20.25,2014 Atlantic Coast Conference Championships (M), 2014,"Feb 27, 2014",+1.2%
115122,20.88,Pittsburgh vs. Villanova, 2014,"Jan 31, 2014",-1.9%
115122,20.72,"Pittsburgh vs. Denison, James Madison, North Carolina State", 2014,"Jan 18, 2014",-1.1%
115122,20.92,West Virginia vs. Pittsburgh, 2014,"Jan 11, 2014",-2.1%
115122,20.63,2013 AT&T Winter National Championships, 2013,"Dec 05, 2013",-0.7%
115122,20.55,Pittsburgh Invitational, 2013,"Nov 22, 2013",NA
115122,20.49,Pittsburgh Invitational, 2013,"Nov 22, 2013",NA
115122,20.55,Pitt Panthers Invitational, 2013,"Nov 22, 2013",NA
115122,20.49,Pitt Panthers Invitational, 2013,"Nov 22, 2013",NA
115122,20.35,2013 Big East Conference Championships, 2013,"Feb 28, 2013",+2.0%
115122,20.77,"Pittsburgh vs. Carnegie Mellon, Grove City, California-PA", 2013,"Feb 02, 2013",+0.4%
115122,21.18,Villanova vs. Pittsburgh, 2013,"Jan 25, 2013",-1.5%
115122,20.94,AT&T Winter National Championships, 2012,"Nov 29, 2012",-0.4%
115122,20.94,USA Swimming Winter Nationals, 2012,"Nov 29, 2012",-0.4%
115122,20.86,Pittsburgh Invitational, 2012,"Nov 16, 2012",NA
115122,21.15,Pittsburgh Invitational, 2012,"Nov 16, 2012",NA
115122,21.72,2011 NCSA Jr National Championships, 2011,"Mar 19, 2011",+0.5%
115122,21.83,2011 NCSA Jr National Championships, 2011,"Mar 18, 2011",NA
115122,21.95,2010 NSCA Junior Nationals, 2010,"Mar 20, 2010",+1.2%
115122,22.21,2010 NSCA Junior Nationals, 2010,"Mar 19, 2010",NA
140468,21.19,2016 Atlantic Coast Championships (M), 2016,"Feb 25, 2016",+2.2%
140468,21.67,Big Al Open, 2015,"Dec 04, 2015",NA
140468,21.58,Pittsburgh Invitational, 2013,"Nov 22, 2013",NA
140468,22.00,Pittsburgh Invitational, 2013,"Nov 22, 2013",NA
140468,21.58,Pitt Panthers Invitational, 2013,"Nov 22, 2013",NA
140468,22.00,Pitt Panthers Invitational, 2013,"Nov 22, 2013",NA
140468,22.35,Pittsburgh Invitational, 2012,"Nov 16, 2012",NA
140468,22.58,MIddle Atlantic Senior Championships, 2011,"Mar 26, 2011",NA
140468,22.23,MIddle Atlantic Senior Championships, 2011,"Mar 26, 2011",NA
166288,22.24,AM TPIT 55th Annual Christmas Meet Invitational, 2016,"Dec 17, 2016",NA
166288,22.10,AM TPIT 55th Annual Christmas Meet Invitational, 2016,"Dec 17, 2016",NA
166288,22.60,"2012 Speedo Champions Series - College Station, TX (18 & Under - Yards Only)", 2012,"Mar 04, 2012",NA
75021,21.66,Western PA Invitational, 2016,"Jan 30, 2016",-2.4%
75021,21.28,Western PA Invitational, 2016,"Jan 30, 2016",-0.6%
75021,21.68,Pittsburgh vs. Denison, 2016,"Jan 16, 2016",-2.5%
75021,22.44,West Virginia vs. Pittsburgh, 2016,"Jan 09, 2016",-6.0%
75021,21.24,Big Al Open, 2015,"Dec 04, 2015",+1.0%
75021,21.16,Big Al Open, 2015,"Dec 04, 2015",+1.4%
75021,21.58,Pittsburgh Invitational, 2015,"Nov 20, 2015",+1.0%
75021,21.45,Pittsburgh Invitational, 2015,"Nov 20, 2015",+1.6%
75021,22.41,"Virginia Tech vs. Notre Dame, Pittsburgh", 2015,"Nov 07, 2015",-2.8%
75021,21.80,Bucknell vs. Pittsburgh, 2015,"Oct 24, 2015",+1.8%
75021,22.19,Pittsburgh vs. Georgia Tech, 2015,"Oct 17, 2015",+0.6%
75021,22.32,Duke vs. Pittsburgh, 2015,"Oct 03, 2015",NA
75021,20.42,ACC Men's Championships, 2015,"Feb 26, 2015",+3.2%
75021,20.42,2015 Atlantic Coast Championships (M), 2015,"Feb 26, 2015",+3.2%
75021,21.10,"Denison vs. Ohio State, Pittsburgh", 2015,"Jan 17, 2015",+0.9%
75021,21.10,"Denison vs. Ohio State, Pittsburgh", 2015,"Jan 17, 2015",+0.9%
75021,21.30,Pittsburg Invitational, 2014,"Nov 21, 2014",NA
75021,21.50,Pittsburg Invitational, 2014,"Nov 21, 2014",NA
75021,20.75,2014 Atlantic Coast Conference Time Trials, 2014,"Feb 27, 2014",+1.4%
75021,21.00,2014 Atlantic Coast Conference Championships (M), 2014,"Feb 27, 2014",+0.2%
75021,21.25,Virginia vs. Pittsburgh, 2014,"Feb 08, 2014",-1.0%
75021,21.04,Pittsburgh Invitational, 2013,"Nov 22, 2013",+4.1%
75021,21.17,Pittsburgh Invitational, 2013,"Nov 22, 2013",+3.5%
75021,21.04,Pitt Panthers Invitational, 2013,"Nov 22, 2013",+4.1%
75021,21.17,Pitt Panthers Invitational, 2013,"Nov 22, 2013",+3.5%
75021,21.93,Saint Bonaventure vs. Pittsburgh, 2013,"Oct 19, 2013",NA
75021,21.02,2013 Big East Conference Championships, 2013,"Feb 28, 2013",+0.6%
75021,20.91,2013 Big East Conference Championships, 2013,"Feb 28, 2013",+1.1%
75021,21.89,"Pittsburgh vs. Carnegie Mellon, Grove City, California-PA", 2013,"Feb 02, 2013",-3.5%
75021,21.15,Pittsburgh Invitational, 2012,"Nov 16, 2012",+1.9%
75021,21.20,Pittsburgh Invitational, 2012,"Nov 16, 2012",+1.6%
75021,21.50,Pittsburgh Invitational, 2012,"Nov 16, 2012",+0.2%
75021,21.55,Notre Dame vs. Pittsburgh, 2012,"Nov 09, 2012",+0.1%
75021,21.68,Cincinnati vs. Pittsburgh, 2012,"Nov 03, 2012",-0.5%
75021,21.71,Pittsburgh vs. Virginia, 2012,"Oct 28, 2012",-0.6%
75021,21.58,Pittsburgh vs. Saint Bonaventure, 2012,"Oct 20, 2012",NA
75021,20.85,2011-12 Florida High School Athletic Association Class 3A Championships, 2011,"Nov 10, 2011",NA
75021,21.32,2011-12 Florida High School Athletic Association Class 3A Championships, 2011,"Nov 10, 2011",NA
75021,22.25,Florida Swimming Senior Championships, 2011,"Feb 26, 2011",-2.4%
75021,21.87,Florida Swimming Senior Championships, 2011,"Feb 26, 2011",-0.7%
75021,21.72,2010 FHSAA Swimming & Diving Championships 3A, 2010,"Nov 13, 2010",NA
75021,21.72,2010 FHSAA Swimming & Diving Championships 3A, 2010,"Nov 13, 2010",NA
75021,21.77,2010 FHSAA Swimming & Diving Championships 3A, 2010,"Nov 13, 2010",NA
75021,21.77,2010 FHSAA Swimming & Diving Championships 3A, 2010,"Nov 13, 2010",NA
85260,21.37,2014 Eastern College Athletic Conference Championships, 2014,"Feb 28, 2014",+1.1%
85260,21.30,2014 Eastern College Athletic Conference Championships, 2014,"Feb 28, 2014",+1.4%
85260,21.65,Pittsburgh vs. Villanova, 2014,"Jan 31, 2014",-0.2%
85260,21.78,Western Pennsylvania Invitational, 2014,"Feb 01, 2014",-0.8%
85260,21.92,West Virginia vs. Pittsburgh, 2014,"Jan 11, 2014",-1.5%
85260,21.60,Pittsburgh Invitational, 2013,"Nov 22, 2013",+0.6%
85260,21.72,Pittsburgh Invitational, 2013,"Nov 22, 2013",+0.1%
85260,21.60,Pitt Panthers Invitational, 2013,"Nov 22, 2013",+0.6%
85260,21.72,Pitt Panthers Invitational, 2013,"Nov 22, 2013",+0.1%
85260,21.74,"Pittsburgh vs. Notre Dame, Virginia Tech", 2013,"Nov 09, 2013",+0.4%
85260,21.82,Saint Bonaventure vs. Pittsburgh, 2013,"Oct 19, 2013",NA
85260,21.72,2012-13 Pennsylvania Boys & Girls AAA Championships, 2013,"Mar 13, 2013",NA
85260,21.80,2012-13 Pennsylvania Boys & Girls AAA Championships, 2013,"Mar 13, 2013",NA
85260,21.72,2012-13 Pennsylvania Boys & Girls AAA Championships, 2013,"Mar 13, 2013",NA
85260,21.39,2012-13 Pennsylvania Boys & Girls AAA Championships, 2013,"Mar 13, 2013",NA
85260,21.43,2012 YMCA National Championships (SCY), 2012,"Apr 02, 2012",-0.7%
85260,21.49,2012 YMCA National Championships (SCY), 2012,"Apr 02, 2012",-0.9%
85260,21.44,2011-12 Pennsylvania Boys & Girls AAA Championships, 2012,"Mar 14, 2012",NA
85260,21.40,2011-12 Pennsylvania Boys & Girls AAA Championships, 2012,"Mar 14, 2012",NA
85260,21.31,2011-12 Pennsylvania Boys & Girls AAA Championships, 2012,"Mar 14, 2012",NA
85260,21.29,2011-12 Pennsylvania Boys & Girls AAA Championships, 2012,"Mar 14, 2012",NA
85260,22.16,2011 YMCA National Championships (SCY), 2011,"Apr 05, 2011",-0.6%
85260,22.02,2010-11 Pennsylvania AAA Championships - Boys, 2011,"Mar 16, 2011",NA
201237,21.65,2018 Pennsylvania State Athletic Conference Championships, 2018,"Feb 21, 2018",+1.0%
201237,21.54,2018 Pennsylvania State Athletic Conference Championships, 2018,"Feb 21, 2018",+1.5%
201237,21.86,West Chester Invitational, 2017,"Dec 08, 2017",+1.5%
201237,22.50,Thomas Murphy Invitational, 2017,"Nov 03, 2017",-1.4%
201237,22.20,"West Chester vs. Bloomsburg, Lehigh", 2017,"Oct 20, 2017",NA
201237,22.32,"Johns Hopkins vs. TCNJ, West Chester", 2017,"Jan 07, 2017",-1.8%
201237,22.83,"Johns Hopkins vs. TCNJ, West Chester", 2017,"Jan 07, 2017",-4.2%
201237,21.92,Golden Ram Invitational, 2016,"Dec 09, 2016",NA
201237,22.01,Big Al Open, 2015,"Dec 04, 2015",-1.8%
201237,21.62,Pittsburgh Invitational, 2015,"Nov 20, 2015",+1.5%
201237,21.96,Bucknell vs. Pittsburgh, 2015,"Oct 24, 2015",NA
201237,21.16,2015 Eastern College Athletic Conference Championships, 2015,"Feb 27, 2015",+2.0%
201237,21.35,2015 Eastern College Athletic Conference Championships, 2015,"Feb 27, 2015",+1.1%
201237,21.62,Pittsburg Invitational, 2014,"Nov 21, 2014",+2.3%
201237,21.59,Pittsburg Invitational, 2014,"Nov 21, 2014",+2.4%
201237,22.13,"Notre Dame vs. Pittsburgh, Virginia Tech", 2014,"Nov 07, 2014",NA
201237,22.19,"Notre Dame vs. Pittsburgh, Virginia Tech", 2014,"Nov 07, 2014",NA
201237,21.08,2013-14 Pennsylvania State Championships - AAA, 2014,"Mar 12, 2014",-0.2%
201237,21.27,2013-14 Pennsylvania State Championships - AAA, 2014,"Mar 12, 2014",-1.1%
201237,21.06,2013-14 Pennsylvania State Championships - AAA, 2014,"Mar 12, 2014",-0.1%
201237,21.13,2013-14 Pennsylvania State Championships - AAA, 2014,"Mar 12, 2014",-0.4%
201237,21.27,2013-14 Pennsylvania Non-State Best Times, 2014,"Feb 08, 2014",-1.1%
201237,21.04,2013 Speedo Wnter Junior National Championships, 2013,"Dec 12, 2013",NA
201237,21.14,2012-13 Pennsylvania Boys & Girls AAA Championships, 2013,"Mar 13, 2013",NA
205552,22.82,"Denison vs. Ohio State, Pittsburgh", 2015,"Jan 17, 2015",-3.0%
205552,22.82,"Denison vs. Ohio State, Pittsburgh", 2015,"Jan 17, 2015",-3.0%
205552,22.15,Pittsburg Invitational, 2014,"Nov 21, 2014",NA
205552,21.65,2014 NCSA Junior National Championships - Boys, 2014,"Mar 22, 2014",+0.2%
205552,21.70,2013-14 Virginia 6A North Region Championships, 2014,"Feb 07, 2014",NA
205552,21.78,2013-14 Virginia 6A North Region Championships, 2014,"Feb 07, 2014",NA
205552,22.01,2011-12 Virginia Boys & Girls AAA Championships, 2012,"Feb 17, 2012",NA
205552,22.25,2011-12 Virginia Boys & Girls AAA Championships, 2012,"Feb 17, 2012",NA
159044,21.30,2016 Eastern College Athletic Conference Championships, 2016,"Feb 26, 2016",+0.7%
159044,21.56,Western PA Invitational, 2016,"Jan 30, 2016",-0.5%
159044,21.69,Pittsburgh vs. Denison, 2016,"Jan 16, 2016",-1.1%
159044,21.45,Pittsburgh vs. Denison, 2016,"Jan 16, 2016",0.0%
159044,22.00,West Virginia vs. Pittsburgh, 2016,"Jan 09, 2016",-2.6%
159044,21.45,Big Al Open, 2015,"Dec 04, 2015",+0.7%
159044,22.04,Pittsburgh Invitational, 2015,"Nov 20, 2015",-2.0%
159044,21.72,"Virginia Tech vs. Notre Dame, Pittsburgh", 2015,"Nov 07, 2015",-0.5%
159044,21.80,Bucknell vs. Pittsburgh, 2015,"Oct 24, 2015",-0.9%
159044,21.73,Pittsburgh vs. Georgia Tech, 2015,"Oct 17, 2015",+0.2%
159044,21.61,Pittsburgh vs. Georgia Tech, 2015,"Oct 17, 2015",+0.8%
159044,21.78,Duke vs. Pittsburgh, 2015,"Oct 03, 2015",NA
159044,21.70,2015 Eastern College Athletic Conference Championships, 2015,"Feb 27, 2015",+0.2%
159044,22.53,Villanova vs. Pittsburgh, 2015,"Feb 07, 2015",-3.6%
159044,21.75,"Pittsburgh vs. Clarion, California, Carnegie Mellon, Duquesne", 2015,"Jan 31, 2015",+0.2%
159044,22.50,"Denison vs. Ohio State, Pittsburgh", 2015,"Jan 17, 2015",-3.2%
159044,22.50,"Denison vs. Ohio State, Pittsburgh", 2015,"Jan 17, 2015",-3.2%
159044,22.01,Pittsburg Invitational, 2014,"Nov 21, 2014",-1.0%
159044,22.11,Bucknell vs. Pittsburgh, 2014,"Oct 25, 2014",-1.4%
159044,22.37,"Georgia Tech vs. Georgia Southern, Pittsburgh", 2014,"Oct 18, 2014",-2.6%
159044,21.80,Pittsburgh vs. Duke, 2014,"Oct 11, 2014",NA
159044,22.64,Pittsburgh vs. West Virginia, 2013,"Jan 12, 2013",-0.1%
159044,22.61,Pittsburgh Invitational, 2012,"Nov 16, 2012",NA
233438,21.41,Pittsburg Invitational, 2014,"Nov 21, 2014",+0.4%
233438,21.63,Pittsburg Invitational, 2014,"Nov 21, 2014",-0.6%
233438,21.50,Pittsburgh vs. Saint Bonaventure, 2014,"Oct 24, 2014",NA
233438,22.55,2012 YMCA National Championships (SCY), 2012,"Apr 05, 2012",NA
165852,20.46,ACC Men's Championships, 2015,"Feb 26, 2015",+1.9%
165852,20.46,2015 Atlantic Coast Championships (M), 2015,"Feb 26, 2015",+1.9%
165852,21.94,Villanova vs. Pittsburgh, 2015,"Feb 07, 2015",-5.2%
165852,21.25,"Pittsburgh vs. Clarion, California, Carnegie Mellon, Duquesne", 2015,"Jan 31, 2015",-1.9%
165852,21.60,"Denison vs. Ohio State, Pittsburgh", 2015,"Jan 17, 2015",-3.5%
165852,21.60,"Denison vs. Ohio State, Pittsburgh", 2015,"Jan 17, 2015",-3.5%
165852,21.24,Pittsburgh vs. West Virginia, 2015,"Jan 10, 2015",-1.8%
165852,20.86,Pittsburg Invitational, 2014,"Nov 21, 2014",NA
165852,20.99,Pittsburg Invitational, 2014,"Nov 21, 2014",NA
165852,21.29,2013 Atlantic 10 Conference Championships, 2013,"Feb 21, 2013",+1.4%
165852,21.02,2013 Atlantic 10 Conference Championships, 2013,"Feb 21, 2013",+2.7%
165852,22.27,George Washington vs. George Mason, 2013,"Jan 26, 2013",-3.1%
165852,22.62,Georgetown vs. George Washington, 2013,"Jan 19, 2013",-4.7%
165852,22.17,Rhode Island Invitational, 2013,"Jan 11, 2013",-2.6%
165852,22.62,"Old Dominion vs. Rutgers, George Washington", 2012,"Dec 01, 2012",-4.7%
165852,21.62,Patriot Invitational, 2012,"Nov 15, 2012",+2.9%
165852,21.60,Patriot Invitational, 2012,"Nov 15, 2012",+3.0%
165852,22.26,"Catholic vs. American, George Washington", 2012,"Oct 12, 2012",NA
165852,21.49,Atlantic 10 Conference Championships, 2012,"Feb 23, 2012",+4.7%
165852,22.71,Rhode Island Invite, 2012,"Jan 13, 2012",-0.8%
165852,22.54,Patriot Invitational, 2011,"Nov 17, 2011",+1.2%
165852,22.81,"American vs. Catholic, George Washington", 2011,"Oct 14, 2011",NA
165852,22.03,2011 NCSA Jr National Championships, 2011,"Mar 19, 2011",-1.9%
165852,21.61,2011 Washington (Md) Metropolitan Interscholastic Championships, 2011,"Feb 26, 2011",NA
165852,21.66,2011 Washington (Md) Metropolitan Interscholastic Championships, 2011,"Feb 26, 2011",NA
285067,23.30,Texas Christian vs. Texas-Permian Basin, 2016,"Sep 24, 2016",NA
233429,22.08,Big Al Open, 2015,"Dec 04, 2015",+2.4%
233429,22.63,Pittsburgh Invitational, 2015,"Nov 20, 2015",NA
233429,21.67,2015 YMCA Short Course National Championship, 2015,"Apr 01, 2015",NA
233429,22.79,2013 YMCA National Championships (SCY), 2013,"Apr 03, 2013",NA
403962,23.02,2015 YMCA Short Course National Championship, 2015,"Apr 02, 2015",NA
238090,22.84,2014 Speedo Champions Series - California, 2014,"Dec 21, 2014",NA
275167,20.70,Michigan vs. Pitt, 2019,"Mar 05, 2019",+0.6%
275167,20.83,Pitt Western Pa Invitational, 2019,"Jan 26, 2019",+1.0%
275167,21.19,Denison vs. Pittsburgh, 2019,"Jan 18, 2019",NA
275167,21.03,Denison vs. Pittsburgh, 2019,"Jan 18, 2019",NA
275167,20.38,2018 Atlantic Coast Championships (M), 2018,"Feb 22, 2018",+2.5%
275167,20.95,Western Pennsylvania Invitational, 2018,"Jan 27, 2018",-0.2%
275167,21.12,WVU vs Pitt, 2018,"Jan 18, 2018",-1.1%
275167,20.99,AM TPIT 56th Annual Christmas Meet, 2017,"Dec 16, 2017",-0.4%
275167,21.19,AM TPIT 56th Annual Christmas Meet, 2017,"Dec 16, 2017",-1.4%
275167,20.90,Ohio State Invitational, 2017,"Nov 17, 2017",+1.6%
275167,21.25,Georgia Tech vs. Pittsburgh, 2017,"Oct 06, 2017",NA
275167,21.18,Western PA Invitational, 2017,"Jan 28, 2017",-0.7%
275167,21.04,Ohio State Invitational, 2016,"Nov 18, 2016",+3.3%
275167,21.76,Virginia vs. Pittsburgh, 2016,"Oct 21, 2016",NA
275167,20.85,2016 Atlantic Coast Championships (M), 2016,"Feb 25, 2016",+0.5%
275167,21.22,Big Al Open, 2015,"Dec 04, 2015",-1.0%
275167,20.96,Big Al Open, 2015,"Dec 04, 2015",+0.2%
275167,21.01,Pittsburgh Invitational, 2015,"Nov 20, 2015",+2.0%
275167,21.54,"Virginia Tech vs. Notre Dame, Pittsburgh", 2015,"Nov 07, 2015",-0.5%
275167,21.43,Bucknell vs. Pittsburgh, 2015,"Oct 24, 2015",+0.3%
275167,21.49,Pittsburgh vs. Georgia Tech, 2015,"Oct 17, 2015",NA
275167,20.74,2014-15 Pennsylvania Boys AAA State Championships, 2015,"Mar 13, 2015",+2.9%
275167,21.37,2014 Speedo WInter Junior Championships, 2014,"Dec 11, 2014",NA
275167,21.35,"2014 Speedo Champions Series - Christiansburg, VA", 2014,"Mar 22, 2014",NA
275167,21.51,"2014 Speedo Champions Series - Christiansburg, VA", 2014,"Mar 22, 2014",NA
275145,21.67,ECAC Time Trials, 2016,"Feb 28, 2016",+0.3%
275145,22.70,Pittsburgh vs. Denison, 2016,"Jan 16, 2016",-4.4%
275145,21.76,Big Al Open, 2015,"Dec 04, 2015",-0.1%
275145,21.99,Big Al Open, 2015,"Dec 04, 2015",-1.1%
275145,21.74,Pittsburgh Invitational, 2015,"Nov 20, 2015",+3.2%
275145,22.45,Bucknell vs. Pittsburgh, 2015,"Oct 24, 2015",NA
275145,21.74,Speedo Champions Series - Christiansburg, 2015,"Mar 21, 2015",+0.8%
275145,21.77,Speedo Champions Series - Christiansburg, 2015,"Mar 21, 2015",+0.7%
275145,21.92,The Mark J. Braun Fall Classic, 2014,"Nov 22, 2014",NA
275145,22.09,The Mark J. Braun Fall Classic, 2014,"Nov 22, 2014",NA
275145,22.27,"2014 Speedo Champions Series - Christiansburg, VA", 2014,"Mar 22, 2014",-1.0%
275145,22.04,2013-14 Pennsylvania State Championships - AAA, 2014,"Mar 12, 2014",NA
275145,22.12,2013-14 Pennsylvania State Championships - AAA, 2014,"Mar 12, 2014",NA
275145,22.37,"2013 Speedo Champions Series - Christiansburg, VA", 2013,"Mar 23, 2013",NA
225335,21.72,OH MAKO Senior Circuit Meet, 2017,"Mar 03, 2017",+3.3%
225335,21.58,OH MAKO Senior Circuit Meet, 2017,"Mar 03, 2017",+4.0%
225335,22.47,AM TPIT 55th Annual Christmas Meet Invitational, 2016,"Dec 17, 2016",NA
225335,22.85,Lake Erie Senior Championships, 2016,"Mar 06, 2016",NA
225335,21.87,NCSA Spring Junior National Championship, 2015,"Mar 21, 2015",-0.6%
225335,22.91,2015 Lake Erie Senior Championships, 2015,"Mar 08, 2015",-5.4%
225335,21.73,2015 Lake Erie Senior Championships, 2015,"Mar 07, 2015",+2.3%
225335,21.87,2015 Lake Erie Senior Championships, 2015,"Mar 07, 2015",+1.7%
225335,22.25,"SwimStrong ""Splash Out Cancer""", 2014,"Nov 02, 2014",NA
225335,21.68,2014 NCSA Junior National Championships - Boys, 2014,"Mar 22, 2014",+0.2%
225335,21.72,2014 NCSA Junior National Championships - Boys, 2014,"Mar 18, 2014",NA
236552,21.50,Pitt Western Pa Invitational, 2019,"Jan 26, 2019",NA
236552,22.87,2015 CO AP Senior Meet, 2015,"Feb 28, 2015",NA
275117,20.64,2017 Atlantic Coast Championships (M), 2017,"Feb 28, 2017",+3.4%
275117,21.36,Western PA Invitational, 2017,"Jan 28, 2017",+0.8%
275117,22.28,AM TPIT 55th Annual Christmas Meet Invitational, 2016,"Dec 17, 2016",-3.5%
275117,21.53,Ohio State Invitational, 2016,"Nov 18, 2016",+2.0%
275117,21.96,Pittsburgh vs. SUNY Buffalo, 2016,"Oct 28, 2016",+1.4%
275117,22.28,"Boston College vs. Georgia Tech, Pittsburgh", 2016,"Oct 08, 2016",NA
275117,21.07,2016 Atlantic Coast Championships (M), 2016,"Feb 25, 2016",-0.6%
275117,22.34,Western PA Invitational, 2016,"Jan 30, 2016",-6.7%
275117,22.55,Western PA Invitational, 2016,"Jan 30, 2016",-7.7%
275117,21.80,Pittsburgh vs. Denison, 2016,"Jan 16, 2016",-4.1%
275117,20.97,Big Al Open, 2015,"Dec 04, 2015",+1.1%
275117,20.94,Big Al Open, 2015,"Dec 04, 2015",+1.3%
275117,21.09,Big Al Open, 2015,"Dec 04, 2015",+0.6%
275117,21.21,Pittsburgh Invitational, 2015,"Nov 20, 2015",+2.6%
275117,21.78,"Virginia Tech vs. Notre Dame, Pittsburgh", 2015,"Nov 06, 2015",-0.0%
275117,21.77,Bucknell vs. Pittsburgh, 2015,"Oct 24, 2015",NA
275117,21.09,2014-15 Pennsylvania AAA State Championships, 2015,"Mar 13, 2015",+0.2%
275117,21.15,2014-15 Pennsylvania AAA State Championships, 2015,"Mar 13, 2015",-0.0%
275117,21.33,2014-15 Pennsylvania Boys AAA State Championships, 2015,"Mar 13, 2015",-0.9%
275117,21.09,2014-15 Pennsylvania Boys AAA State Championships, 2015,"Mar 13, 2015",+0.2%
275117,21.15,2014-15 Pennsylvania Boys AAA State Championships, 2015,"Mar 13, 2015",-0.0%
275117,21.14,2015 Tom Dolan Invitational, 2014,"Dec 13, 2014",NA
275117,21.34,2015 Tom Dolan Invitational, 2014,"Dec 13, 2014",NA
275117,21.23,2013-14 Pennsylvania State Championships - AAA, 2014,"Mar 12, 2014",+1.4%
275117,21.30,2013-14 Pennsylvania State Championships - AAA, 2014,"Mar 12, 2014",+1.1%
275117,21.02,2013-14 Pennsylvania State Championships - AAA, 2014,"Mar 12, 2014",+2.4%
275117,21.27,2013-14 Pennsylvania State Championships - AAA, 2014,"Mar 12, 2014",+1.2%
275117,21.53,2013-14 Pennsylvania Non-State Best Times, 2014,"Feb 08, 2014",NA
305951,21.56,Ohio State Winter Invitational, 2020,"Feb 14, 2020",+4.9%
305951,21.50,Ohio State Winter Invitational, 2020,"Feb 14, 2020",+5.2%
305951,22.67,AM TPIT 58th Annual Christmas Invitational, 2019,"Dec 14, 2019",NA
305951,22.25,Denison vs. Pittsburgh, 2019,"Jan 18, 2019",-3.2%
305951,22.97,AM TPIT 57th Annual Christmas Meet, 2018,"Dec 15, 2018",-6.5%
305951,21.56,Ohio State Invitational, 2018,"Nov 15, 2018",NA
305951,21.05,Ohio State Winter Invite, 2018,"Feb 11, 2018",+2.8%
305951,24.26,Ohio State Winter Invite, 2018,"Feb 11, 2018",-12.1%
305951,21.65,Western Pennsylvania Invitational, 2018,"Jan 27, 2018",+0.5%
305951,22.17,AM TPIT 56th Annual Christmas Meet, 2017,"Dec 16, 2017",-1.9%
305951,21.75,Ohio State Invitational, 2017,"Nov 17, 2017",+0.1%
305951,22.26,"Rutgers vs. Georgetown, Pittsburgh, Seton Hall", 2017,"Nov 03, 2017",-2.3%
305951,21.97,"Rutgers vs. Georgetown, Pittsburgh, Seton Hall", 2017,"Nov 03, 2017",-0.9%
305951,21.77,"Pittsburgh vs. Louisiana State, Virginia", 2017,"Oct 20, 2017",NA
305951,21.44,Ohio State Winter Invite 2017, 2017,"Feb 12, 2017",+0.9%
305951,22.29,"Ohio State vs. Akron, Pittsburgh", 2017,"Jan 21, 2017",-3.1%
305951,22.46,AM TPIT 55th Annual Christmas Meet Invitational, 2016,"Dec 17, 2016",-3.8%
305951,21.63,Ohio State Invitational, 2016,"Nov 18, 2016",+1.9%
305951,22.06,"Pittsburgh vs. Notre Dame, Virginia Tech", 2016,"Nov 04, 2016",NA
305951,21.53,"2016 YMCA Short Course National Championships, April 8, Greensboro, NC", 2016,"Apr 07, 2016",NA
305951,21.31,NCSA Spring Junior National Championship, 2015,"Mar 21, 2015",-0.3%
305951,21.24,2015 Florida Senior Championships, 2015,"Feb 28, 2015",+0.9%
305951,21.36,2015 Florida Senior Championships, 2015,"Feb 28, 2015",+0.4%
305951,21.49,2015 Florida Senior Championships, 2015,"Feb 27, 2015",-0.2%
305951,21.44,2014 Speedo WInter Junior Championships, 2014,"Dec 11, 2014",NA
290952,20.56,2017 Atlantic Coast Championships (M), 2017,"Feb 28, 2017",+1.5%
290952,20.88,Western PA Invitational, 2017,"Jan 28, 2017",+1.4%
290952,21.59,"Ohio State vs. Akron, Pittsburgh", 2017,"Jan 21, 2017",-1.9%
290952,21.18,Ohio State Invitational, 2016,"Nov 18, 2016",+1.9%
290952,21.81,"Pittsburgh vs. Notre Dame, Virginia Tech", 2016,"Nov 05, 2016",-1.0%
290952,21.60,Pittsburgh vs. SUNY Buffalo, 2016,"Oct 28, 2016",+0.9%
290952,21.79,Virginia vs. Pittsburgh, 2016,"Oct 21, 2016",+0.5%
290952,21.90,"Boston College vs. Georgia Tech, Pittsburgh", 2016,"Oct 08, 2016",NA
290952,20.84,"2016 YMCA Short Course National Championships, April 8, Greensboro, NC", 2016,"Apr 07, 2016",0.0%
290952,20.87,"2016 YMCA Short Course National Championships, April 8, Greensboro, NC", 2016,"Apr 07, 2016",-0.1%
290952,20.84,2016 YMCA Short Course National Championships, 2016,"Apr 04, 2016",+1.1%
290952,21.44,2016 Pennsylvania AAA Boys State Championships, 2016,"Mar 16, 2016",-1.7%
290952,21.56,2016 Pennsylvania AAA Boys State Championships, 2016,"Mar 16, 2016",-2.3%
290952,21.08,2016 Winterfest Invitational, 2016,"Jan 09, 2016",+2.1%
290952,21.53,Diplomat Swim Club  Speedo Holiday Classic, 2015,"Dec 05, 2015",NA
290952,21.67,Diplomat Swim Club  Speedo Holiday Classic, 2015,"Dec 05, 2015",NA
290952,21.30,2015 YMCA Short Course National Championship, 2015,"Apr 02, 2015",NA
290952,21.30,2015 YMCA Short Course National Championship, 2015,"Apr 02, 2015",NA
290952,22.63,2014 YMCA Short Course National Championship, 2014,"Apr 01, 2014",NA
433591,22.08,Pittsburgh vs. Denison, 2020,"Jan 17, 2020",NA
433591,21.16,Ohio State Invitational, 2018,"Nov 17, 2018",NA
433591,21.72,Pittsburgh vs. Denison, 2018,"Jan 19, 2018",-0.8%
433591,21.55,"Pitt vs. James Madison, Michigan State, Miami (FL)", 2017,"Oct 27, 2017",NA
363665,22.33,Missouri Invitational, 2014,"Nov 20, 2014",NA
249159,20.37,2017 Atlantic Coast Championships (M), 2017,"Feb 28, 2017",-0.7%
249159,20.33,2017 Atlantic Coast Championships (M), 2017,"Feb 28, 2017",-0.5%
249159,20.74,AM TPIT 55th Annual Christmas Meet Invitational, 2016,"Dec 17, 2016",-2.5%
249159,21.29,AM TPIT 55th Annual Christmas Meet Invitational, 2016,"Dec 17, 2016",-5.2%
249159,20.41,2016 AT&T Winter Championships, 2016,"Dec 01, 2016",-0.9%
249159,20.44,2016 AT&T Winter Championships, 2016,"Dec 01, 2016",-1.0%
249159,20.46,Ohio State Invitational, 2016,"Nov 18, 2016",+1.5%
249159,20.36,Ohio State Invitational, 2016,"Nov 18, 2016",+2.0%
249159,20.23,Ohio State Invitational, 2016,"Nov 18, 2016",+2.6%
249159,20.77,"Pittsburgh vs. Notre Dame, Virginia Tech", 2016,"Nov 05, 2016",+0.2%
249159,20.88,"Pittsburgh vs. Notre Dame, Virginia Tech", 2016,"Nov 04, 2016",-0.3%
249159,20.81,Virginia vs. Pittsburgh, 2016,"Oct 21, 2016",NA
249159,20.32,2015 Western Athletic Conference Championships, 2015,"Feb 26, 2015",-0.3%
249159,21.68,UNLV Invitational, 2014,"Dec 13, 2014",-7.0%
249159,20.86,UNLV Invitational, 2014,"Dec 13, 2014",-3.0%
249159,20.26,Missouri Invitational, 2014,"Nov 20, 2014",+3.8%
249159,20.28,Missouri Invitational, 2014,"Nov 20, 2014",+3.7%
249159,21.05,"UNLV vs. Arizona, Utah", 2014,"Nov 01, 2014",NA
249159,20.43,2014 Western Athletic Conference Championships, 2014,"Feb 27, 2014",+2.5%
249159,20.46,2014 Western Athletic Conference Championships, 2014,"Feb 27, 2014",+2.4%
249159,20.96,UNLV Fall Invitational, 2013,"Nov 21, 2013",NA
249159,20.82,2013 Mountain Pacific Sports Federation Championships, 2013,"Feb 21, 2013",-0.3%
249159,21.45,UNLV vs. Air Force, 2013,"Jan 25, 2013",-3.3%
249159,21.39,UNLV Winter Invitational, 2012,"Dec 15, 2012",-3.0%
249159,21.63,UNLV Winter Invitational, 2012,"Dec 15, 2012",-4.2%
249159,20.86,Missouri Invitational, 2012,"Nov 29, 2012",NA
249159,20.76,Missouri Invitational, 2012,"Nov 29, 2012",NA
249159,20.89,Missouri Invitational, 2012,"Nov 29, 2012",NA
342453,22.18,AM TPIT 56th Annual Christmas Meet, 2017,"Dec 16, 2017",NA
342453,21.89,AM TPIT 56th Annual Christmas Meet, 2017,"Dec 16, 2017",NA
342453,23.36,AM TPIT 55th Annual Christmas Meet Invitational, 2016,"Dec 17, 2016",NA
342453,21.89,2016 AM SC MLAC Mini Champs/HS Special, 2016,"Mar 05, 2016",+5.0%
342453,23.05,The 2015 Mark J. Braun Fall Cl, 2015,"Nov 22, 2015",NA
342453,22.85,"2014 Speedo Champions Series - Christiansburg, VA", 2014,"Mar 22, 2014",NA
254044,21.19,Western Pennsylvania Invitational, 2018,"Jan 27, 2018",NA
254044,22.63,AM TPIT 55th Annual Christmas Meet Invitational, 2016,"Dec 17, 2016",-2.9%
254044,22.00,"Pittsburgh vs. Notre Dame, Virginia Tech", 2016,"Nov 04, 2016",+1.7%
254044,22.38,Virginia vs. Pittsburgh, 2016,"Oct 21, 2016",NA
254044,22.05,FGC Senior Championships @ SOFLO, 2016,"Mar 20, 2016",+0.5%
254044,22.33,FGC Senior Championships @ SOFLO, 2016,"Mar 20, 2016",-0.8%
254044,22.31,FGC Senior Championships @ SOFLO, 2016,"Mar 18, 2016",-0.7%
254044,22.15,2015 FLGSC Holiday Classic, 2015,"Dec 05, 2015",NA
506387,21.76,Western PA Invite, 2020,"Jan 24, 2020",NA
506387,21.87,Denison vs. Pittsburgh, 2019,"Jan 18, 2019",NA
502641,20.19,2020 Atlantic Coast Championships (M), 2020,"Feb 27, 2020",-0.6%
502641,20.41,Western PA Invite, 2020,"Jan 24, 2020",-1.7%
502641,20.54,Pittsburgh vs. Denison, 2020,"Jan 17, 2020",-2.3%
502641,21.60,West Virginia vs. Pittsburgh, 2020,"Jan 04, 2020",-7.6%
502641,20.51,AM TPIT 58th Annual Christmas Invitational, 2019,"Dec 14, 2019",-2.2%
502641,20.71,AM TPIT 58th Annual Christmas Invitational, 2019,"Dec 14, 2019",-3.2%
502641,20.07,Purdue Invitational, 2019,"Nov 21, 2019",+3.8%
502641,20.19,Purdue Invitational, 2019,"Nov 21, 2019",+3.3%
502641,20.87,Pittsburgh vs. Notre Dame, 2019,"Nov 09, 2019",+1.3%
502641,21.25,Michigan State vs. Pittsburgh, 2019,"Oct 18, 2019",-0.5%
502641,21.14,TYR FALL CLASSIC, 2019,"Oct 04, 2019",NA
502641,20.14,2019 Atlantic Coast Championships (M), 2019,"Feb 28, 2019",+1.5%
502641,20.01,2019 Atlantic Coast Championships (M), 2019,"Feb 28, 2019",+2.2%
502641,20.45,Pitt Western Pa Invitational, 2019,"Jan 26, 2019",+0.9%
502641,20.90,Pittsburgh vs. West Virginia, 2019,"Jan 05, 2019",-1.3%
502641,20.63,AM TPIT 57th Annual Christmas Meet, 2018,"Dec 15, 2018",+0.3%
502641,21.20,AM TPIT 57th Annual Christmas Meet, 2018,"Dec 15, 2018",-2.4%
502641,20.81,Ohio State Invitational, 2018,"Nov 15, 2018",+1.5%
502641,20.70,Ohio State Invitational, 2018,"Nov 15, 2018",+2.0%
502641,21.13,"Notre Dame vs. Pittsburgh, Virginia Tech", 2018,"Nov 03, 2018",+0.8%
502641,21.77,Virginia vs. Pittsburgh, 2018,"Oct 20, 2018",-2.2%
502641,21.31,Pittsburgh vs. George Washington, 2018,"Oct 13, 2018",+2.1%
502641,21.35,Pittsburgh vs. George Washington, 2018,"Oct 13, 2018",+1.9%
502641,21.77,"Florida State vs. Georgia Tech, Pittsburgh", 2018,"Oct 06, 2018",NA
502641,20.83,2018 Atlantic Coast Championships (M), 2018,"Feb 23, 2018",-0.3%
502641,20.76,2018 Atlantic Coast Championships (M), 2018,"Feb 22, 2018",+0.9%
502641,21.41,Western Pennsylvania Invitational, 2018,"Jan 27, 2018",-2.2%
502641,21.69,Pittsburgh vs. Denison, 2018,"Jan 19, 2018",-3.5%
502641,21.50,WVU vs Pitt, 2018,"Jan 18, 2018",-2.6%
502641,21.01,AM TPIT 56th Annual Christmas Meet, 2017,"Dec 16, 2017",-0.3%
502641,21.50,AM TPIT 56th Annual Christmas Meet, 2017,"Dec 16, 2017",-2.6%
502641,21.14,Ohio State Invitational, 2017,"Nov 17, 2017",-0.9%
502641,21.16,Ohio State Invitational, 2017,"Nov 17, 2017",-1.0%
502641,21.18,"Rutgers vs. Georgetown, Pittsburgh, Seton Hall", 2017,"Nov 03, 2017",+0.4%
502641,20.95,"Rutgers vs. Georgetown, Pittsburgh, Seton Hall", 2017,"Nov 03, 2017",+1.5%
502641,21.34,"Pitt vs. James Madison, Michigan State, Miami (FL)", 2017,"Oct 27, 2017",-0.3%
502641,21.34,"Pittsburgh vs. Louisiana State, Virginia", 2017,"Oct 21, 2017",-0.3%
502641,21.27,"Pittsburgh vs. Louisiana State, Virginia", 2017,"Oct 20, 2017",+2.0%
502641,21.71,Georgia Tech vs. Pittsburgh, 2017,"Oct 06, 2017",NA
502641,21.44,Speedo Champions Series - Eastern - Chambersburg (Region 2), 2017,"Apr 01, 2017",-2.3%
502641,21.59,Speedo Champions Series - Eastern - Chambersburg (Region 2), 2017,"Apr 01, 2017",-3.1%
502641,21.22,Pennsylvania AAA Boys State Championships, 2017,"Mar 17, 2017",-1.3%
502641,20.95,WPIAL AAA Championships, 2017,"Mar 02, 2017",NA
502641,21.98,20160310 AM Gold Champs, 2016,"Mar 13, 2016",NA
342941,21.66,Pittsburgh vs. Denison, 2020,"Jan 17, 2020",NA
342941,22.00,"Notre Dame vs. Pittsburgh, Virginia Tech", 2018,"Nov 02, 2018",NA
342941,21.65,Ohio State Winter Invite, 2018,"Feb 11, 2018",+1.5%
342941,21.22,Ohio State Winter Invite, 2018,"Feb 11, 2018",+3.5%
342941,22.05,Western Pennsylvania Invitational, 2018,"Jan 27, 2018",-0.3%
342941,22.09,Pittsburgh vs. Denison, 2018,"Jan 19, 2018",-0.5%
342941,22.41,AM TPIT 56th Annual Christmas Meet, 2017,"Dec 16, 2017",-1.9%
342941,21.99,"Pittsburgh vs. Louisiana State, Virginia", 2017,"Oct 21, 2017",NA
342941,21.95,Speedo Champions Series - Eastern - Chambersburg (Region 2), 2017,"Apr 01, 2017",NA
342941,21.78,Speedo Champions Series - Eastern - Chambersburg (Region 2), 2017,"Apr 01, 2017",NA
292661,20.47,2019 Atlantic Coast Championships (M), 2019,"Feb 28, 2019",+4.1%
292661,21.68,Denison vs. Pittsburgh, 2019,"Jan 18, 2019",-1.6%
292661,21.58,AM TPIT 57th Annual Christmas Meet, 2018,"Dec 15, 2018",-1.1%
292661,21.34,Ohio State Invitational, 2018,"Nov 15, 2018",+0.7%
292661,21.50,"Notre Dame vs. Pittsburgh, Virginia Tech", 2018,"Nov 03, 2018",+0.2%
292661,21.83,"Notre Dame vs. Pittsburgh, Virginia Tech", 2018,"Nov 02, 2018",-1.3%
292661,21.54,Pittsburgh vs. George Washington, 2018,"Oct 13, 2018",NA
292661,20.69,2018 Atlantic Coast Championships (M), 2018,"Feb 22, 2018",+1.4%
292661,20.98,Western Pennsylvania Invitational, 2018,"Jan 27, 2018",+1.8%
292661,21.37,AM TPIT 56th Annual Christmas Meet, 2017,"Dec 16, 2017",+0.6%
292661,21.74,AM TPIT 56th Annual Christmas Meet, 2017,"Dec 16, 2017",-1.1%
292661,21.58,Ohio State Invitational, 2017,"Nov 17, 2017",-0.3%
292661,21.50,Ohio State Invitational, 2017,"Nov 17, 2017",+0.1%
292661,21.52,"Pittsburgh vs. Louisiana State, Virginia", 2017,"Oct 21, 2017",+1.8%
292661,21.91,Georgia Tech vs. Pittsburgh, 2017,"Oct 06, 2017",NA
292661,20.33,2017 NJCAA Championships, 2017,"Mar 01, 2017",+1.0%
292661,20.53,2017 NJCAA Championships, 2017,"Mar 01, 2017",+0.0%
292661,20.54,Spartan Invitational, 2016,"Dec 17, 2016",+5.0%
292661,20.77,Spartan Invitational, 2016,"Dec 17, 2016",+3.9%
292661,21.62,IRSC vs. Florida Atlantic, 2016,"Oct 28, 2016",NA
292661,20.69,2016 NJCAA Championships, 2016,"Mar 02, 2016",-0.3%
292661,20.79,2016 NJCAA Championships, 2016,"Mar 02, 2016",-0.8%
292661,20.77,Georiga Tech Invitational, 2015,"Nov 19, 2015",+1.8%
292661,20.63,Georiga Tech Invitational, 2015,"Nov 19, 2015",+2.5%
292661,21.15,Indian River State vs. Florida Atlantic, 2015,"Nov 13, 2015",NA
393143,25.06,2015 Illinois Senior Championships, 2015,"Mar 07, 2015",NA
377336,23.36,OH OSSC Spring into Summer Splash, 2017,"Jun 04, 2017",-5.4%
377336,22.16,Speedo Champions Series - Eastern - Chambersburg (Region 2), 2017,"Apr 01, 2017",+3.7%
377336,23.01,LE Mark J Braun Fall Classic, 2016,"Nov 19, 2016",NA
377336,22.30,54th Annual Christmas Meet Invitational, 2015,"Dec 20, 2015",+2.4%
377336,22.84,The 2015 Mark J. Braun Fall Cl, 2015,"Nov 22, 2015",NA
377336,22.57,2014-15 Pennsylvania AA State Championships, 2015,"Mar 11, 2015",+2.5%
377336,23.14,53rd Annual Christmas Meet, 2014,"Dec 13, 2014",NA
356990,22.78,Justin Jennings (Colgate) Invitational, 2018,"Oct 05, 2018",NA
356990,22.99,Pittsburgh vs. Denison, 2018,"Jan 19, 2018",NA
636774,22.54,"Monmouth vs. Manhattan, Siena", 2019,"Nov 16, 2019",+2.3%
636774,23.06,NJIT Invitational, 2019,"Oct 11, 2019",NA
636774,21.68,2019 Metro Atlantic Athletic Conference Championships, 2019,"Feb 14, 2019",-1.2%
636774,22.39,FIU Sprint Invite, 2019,"Jan 05, 2019",-4.5%
636774,22.53,FIU Sprint Invite, 2019,"Jan 05, 2019",-5.2%
636774,21.42,ECAC Winter Championships, 2018,"Dec 01, 2018",+4.4%
636774,22.40,"American vs. Howard, Manhattan", 2018,"Oct 12, 2018",NA
395581,20.20,2020 Atlantic Coast Championships (M), 2020,"Feb 27, 2020",+0.3%
395581,20.96,Pittsburgh vs. Denison, 2020,"Jan 17, 2020",-3.5%
395581,20.41,AM TPIT 58th Annual Christmas Invitational, 2019,"Dec 14, 2019",-0.7%
395581,21.35,AM TPIT 58th Annual Christmas Invitational, 2019,"Dec 14, 2019",-5.4%
395581,20.35,Purdue Invitational, 2019,"Nov 21, 2019",NA
395581,20.26,Purdue Invitational, 2019,"Nov 21, 2019",NA
395581,20.98,Denison vs. Pittsburgh, 2019,"Jan 18, 2019",-2.7%
395581,20.62,AM TPIT 57th Annual Christmas Meet, 2018,"Dec 15, 2018",-1.0%
395581,21.24,AM TPIT 57th Annual Christmas Meet, 2018,"Dec 15, 2018",-4.0%
395581,20.42,Ohio State Invitational, 2018,"Nov 15, 2018",+3.8%
395581,21.23,Virginia vs. Pittsburgh, 2018,"Oct 20, 2018",NA
395581,21.58,Pittsburgh vs. Denison, 2018,"Jan 19, 2018",-3.2%
395581,21.12,Pittsburgh vs. Denison, 2018,"Jan 19, 2018",-1.0%
395581,21.11,AM TPIT 56th Annual Christmas Meet, 2017,"Dec 16, 2017",-1.0%
395581,21.36,AM TPIT 56th Annual Christmas Meet, 2017,"Dec 16, 2017",-2.2%
395581,20.91,"Pittsburgh vs. Louisiana State, Virginia", 2017,"Oct 21, 2017",NA
489210,22.19,Ohio State Invitational, 2017,"Nov 17, 2017",+1.7%
489210,22.58,"Pitt vs. James Madison, Michigan State, Miami (FL)", 2017,"Oct 27, 2017",NA
241620,21.26,AM TPIT 58th Annual Christmas Invitational, 2019,"Dec 14, 2019",NA
241620,21.77,AM TPIT 58th Annual Christmas Invitational, 2019,"Dec 14, 2019",NA
241620,21.54,Pitt Western Pa Invitational, 2019,"Jan 26, 2019",-1.5%
241620,21.23,AM TPIT 57th Annual Christmas Meet, 2018,"Dec 15, 2018",NA
241620,21.49,AM TPIT 57th Annual Christmas Meet, 2018,"Dec 15, 2018",NA
241620,24.09,2015 Tom Dolan Invitational, 2014,"Dec 13, 2014",NA
451025,21.59,Denison vs. Pittsburgh, 2019,"Jan 18, 2019",-4.6%
451025,20.65,Ohio State Invitational, 2018,"Nov 15, 2018",NA
451025,20.95,Ohio State Invitational, 2018,"Nov 15, 2018",NA
451025,20.80,AM TPIT 56th Annual Christmas Meet, 2017,"Dec 16, 2017",+0.5%
451025,21.69,AM TPIT 56th Annual Christmas Meet, 2017,"Dec 16, 2017",-3.7%
451025,20.91,Ohio State Invitational, 2017,"Nov 17, 2017",NA
362091,19.48,2020 Atlantic Coast Championships (M), 2020,"Feb 27, 2020",-2.0%
362091,19.54,2020 Atlantic Coast Championships (M), 2020,"Feb 27, 2020",-2.3%
362091,19.32,2020 Atlantic Coast Championships (M), 2020,"Feb 27, 2020",-1.2%
362091,19.77,Western PA Invite, 2020,"Jan 24, 2020",-3.5%
362091,19.93,Pittsburgh vs. Denison, 2020,"Jan 17, 2020",-4.3%
362091,20.08,West Virginia vs. Pittsburgh, 2020,"Jan 04, 2020",-5.1%
362091,20.19,West Virginia vs. Pittsburgh, 2020,"Jan 04, 2020",-5.7%
362091,20.07,AM TPIT 58th Annual Christmas Invitational, 2019,"Dec 14, 2019",-5.1%
362091,19.72,AM TPIT 58th Annual Christmas Invitational, 2019,"Dec 14, 2019",-3.2%
362091,19.33,Purdue Invitational, 2019,"Nov 21, 2019",+1.0%
362091,19.10,Purdue Invitational, 2019,"Nov 21, 2019",+2.2%
362091,19.64,Purdue Invitational, 2019,"Nov 21, 2019",-0.6%
362091,19.75,Pittsburgh vs. Notre Dame, 2019,"Nov 09, 2019",-1.1%
362091,19.53,Pittsburgh vs. Notre Dame, 2019,"Nov 08, 2019",+2.0%
362091,19.98,Michigan State vs. Pittsburgh, 2019,"Oct 18, 2019",-0.3%
362091,19.93,TYR FALL CLASSIC, 2019,"Oct 04, 2019",NA
362091,20.17,TYR FALL CLASSIC, 2019,"Oct 04, 2019",NA
362091,19.35,2019 NCAA Division I Mens Championships, 2019,"Mar 28, 2019",-0.6%
362091,19.24,2019 Atlantic Coast Championships (M), 2019,"Feb 28, 2019",+1.6%
362091,19.38,2019 Atlantic Coast Championships (M), 2019,"Feb 28, 2019",+0.9%
362091,19.34,2019 Atlantic Coast Championships (M), 2019,"Feb 28, 2019",+1.1%
362091,19.60,Ohio State vs. Pitt, 2019,"Feb 01, 2019",-0.3%
362091,19.55,Pitt Western Pa Invitational, 2019,"Jan 26, 2019",+0.6%
362091,19.62,Pitt Western Pa Invitational, 2019,"Jan 26, 2019",+0.2%
362091,19.98,Denison vs. Pittsburgh, 2019,"Jan 18, 2019",-1.6%
362091,19.71,Pittsburgh vs. West Virginia, 2019,"Jan 05, 2019",-0.3%
362091,19.77,AM TPIT 57th Annual Christmas Meet, 2018,"Dec 15, 2018",-0.6%
362091,20.06,AM TPIT 57th Annual Christmas Meet, 2018,"Dec 15, 2018",-2.0%
362091,19.74,Ohio State Invitational, 2018,"Nov 15, 2018",+2.6%
362091,19.66,Ohio State Invitational, 2018,"Nov 15, 2018",+3.0%
362091,19.72,Ohio State Invitational, 2018,"Nov 15, 2018",+2.7%
362091,20.26,"Notre Dame vs. Pittsburgh, Virginia Tech", 2018,"Nov 03, 2018",+0.3%
362091,20.41,"Notre Dame vs. Pittsburgh, Virginia Tech", 2018,"Nov 02, 2018",-0.4%
362091,20.39,Virginia vs. Pittsburgh, 2018,"Oct 20, 2018",+0.3%
362091,20.33,Virginia vs. Pittsburgh, 2018,"Oct 20, 2018",+0.6%
362091,20.45,Pittsburgh vs. George Washington, 2018,"Oct 13, 2018",+0.4%
362091,20.53,"Florida State vs. Georgia Tech, Pittsburgh", 2018,"Oct 06, 2018",NA
362091,20.04,AM TPIT 56th Annual Christmas Meet, 2017,"Dec 16, 2017",+3.5%
362091,20.33,AM TPIT 56th Annual Christmas Meet, 2017,"Dec 16, 2017",+2.1%
362091,20.76,Ohio State Invitational, 2017,"Nov 17, 2017",0.0%
362091,20.98,Ohio State Invitational, 2017,"Nov 17, 2017",-1.1%
362091,20.98,"Rutgers vs. Georgetown, Pittsburgh, Seton Hall", 2017,"Nov 03, 2017",-1.1%
362091,21.09,"Rutgers vs. Georgetown, Pittsburgh, Seton Hall", 2017,"Nov 03, 2017",-1.6%
362091,20.76,"Pitt vs. James Madison, Michigan State, Miami (FL)", 2017,"Oct 27, 2017",+1.1%
362091,21.01,"Pittsburgh vs. Louisiana State, Virginia", 2017,"Oct 21, 2017",-0.1%
362091,20.99,Georgia Tech vs. Pittsburgh, 2017,"Oct 06, 2017",NA
362091,20.26,MSI State Championships, 2017,"Feb 17, 2017",+1.5%
362091,20.25,MSI State Championships, 2017,"Feb 17, 2017",+1.5%
362091,20.40,MSI Short Course State Ch, 2017,"Feb 19, 2017",-0.7%
362091,20.26,MSI Short Course State Ch, 2017,"Feb 18, 2017",-0.0%
362091,20.25,MSI Short Course State Ch, 2017,"Feb 18, 2017",0.0%
362091,20.59,Speedo East Winter Junior Nationals - Time Trials, 2016,"Dec 09, 2016",-0.1%
362091,20.56,2016 Speedo Winter JR. Championships East, 2016,"Dec 07, 2016",NA
362091,20.73,2016 Speedo Winter JR. Championships East, 2016,"Dec 07, 2016",NA
362091,20.56,Speedo East Winter Junior Nationals, 2016,"Dec 08, 2016",0.0%
362091,20.72,Speedo East Winter Junior Nationals, 2016,"Dec 08, 2016",-0.8%
362091,21.19,NCSA Spring Junior National Championship, 2016,"Mar 19, 2016",-3.3%
362091,20.62,2015 Speedo Winter Junior Nationals - East - SCY Time Trials, 2015,"Dec 10, 2015",+0.1%
362091,20.52,2015 Speedo Winter Junior Nationals- East, 2015,"Dec 10, 2015",+0.6%
362091,20.64,2015 Speedo Winter Junior Nationals- East, 2015,"Dec 10, 2015",+0.0%
362091,20.65,"TAQ Christmas Meet - December 4 - December 6, 2015", 2015,"Dec 07, 2015",+0.6%
362091,20.77,2015 Mississippi State Championships Class 2 (5-6A), 2015,"Oct 31, 2015",NA
362091,21.16,2015 Mississippi State Championships Class 2 (5-6A), 2015,"Oct 31, 2015",NA
417251,20.27,2019 Atlantic Coast Championships (M), 2019,"Feb 28, 2019",+2.0%
417251,20.68,Ohio State vs. Pitt, 2019,"Feb 01, 2019",+0.9%
417251,22.14,AM TPIT 57th Annual Christmas Meet, 2018,"Dec 15, 2018",-6.1%
417251,20.90,Ohio State Invitational, 2018,"Nov 15, 2018",NA
417251,20.86,Ohio State Invitational, 2018,"Nov 15, 2018",NA
417251,20.55,2018 Atlantic Coast Championships (M), 2018,"Feb 22, 2018",+3.4%
417251,22.07,WVU vs Pitt, 2018,"Jan 18, 2018",-3.7%
417251,21.90,AM TPIT 56th Annual Christmas Meet, 2017,"Dec 16, 2017",-2.9%
417251,21.84,AM TPIT 56th Annual Christmas Meet, 2017,"Dec 16, 2017",-2.6%
417251,21.35,Ohio State Invitational, 2017,"Nov 17, 2017",-0.3%
417251,21.90,"Rutgers vs. Georgetown, Pittsburgh, Seton Hall", 2017,"Nov 03, 2017",-2.9%
417251,21.28,"Pittsburgh vs. Louisiana State, Virginia", 2017,"Oct 21, 2017",NA
417251,21.14,Pennsylvania AAA Boys State Championships, 2017,"Mar 17, 2017",-0.7%
417251,20.82,Pennsylvania AAA Boys State Championships, 2017,"Mar 17, 2017",+0.9%
417251,21.23,PIAA District 3 AAA Championships, 2017,"Mar 03, 2017",-1.1%
417251,21.26,PIAA District 3 AAA Championships, 2017,"Mar 03, 2017",-1.2%
417251,21.00,MID PENN CHAMPIONSHIPS, 2017,"Feb 10, 2017",NA
417251,21.40,2016 Pennsylvania AAA Boys State Championships, 2016,"Mar 16, 2016",+4.5%
417251,21.87,2016 Pennsylvania AAA Boys State Championships, 2016,"Mar 16, 2016",+2.5%
417251,21.81,2016 Pennsylvania AAA Boys State Championships, 2016,"Mar 16, 2016",+2.7%
417251,22.62,Diplomat Swim Club  Speedo Holiday Classic, 2015,"Dec 05, 2015",NA
417251,22.42,Pennsylvania Top Times, 2016,"Jan 19, 2016",+0.9%
1024908,20.85,2020 Atlantic Coast Championships (M), 2020,"Feb 27, 2020",+0.8%
1024908,21.05,Pittsburgh vs. Denison, 2020,"Jan 17, 2020",-0.2%
1024908,21.34,West Virginia vs. Pittsburgh, 2020,"Jan 04, 2020",-1.6%
1024908,21.01,AM TPIT 58th Annual Christmas Invitational, 2019,"Dec 14, 2019",+0.3%
1024908,21.60,AM TPIT 58th Annual Christmas Invitational, 2019,"Dec 14, 2019",-2.5%
1024908,21.08,Purdue Invitational, 2019,"Nov 21, 2019",+7.6%
1024908,22.82,Michigan State vs. Pittsburgh, 2019,"Oct 18, 2019",NA
1024908,21.03,2019 Atlantic Coast Championships (M), 2019,"Feb 28, 2019",+1.7%
1024908,21.56,Ohio State vs. Pitt, 2019,"Feb 01, 2019",-0.8%
1024908,21.39,Pitt Western Pa Invitational, 2019,"Jan 26, 2019",+0.1%
1024908,21.41,Pittsburgh vs. West Virginia, 2019,"Jan 05, 2019",NA
961006,21.12,Pittsburgh vs. George Washington, 2018,"Oct 13, 2018",NA
324070,25.09,ODAC Relays, 2019,"Oct 12, 2019",NA
324070,23.45,AM TPIT 56th Annual Christmas Meet, 2017,"Dec 16, 2017",+3.1%
324070,24.19,NC TAC Strategic Systems Big Southern Classic, 2017,"Nov 11, 2017",+1.7%
324070,24.60,VA GATR Gator Fall Classic, 2017,"Oct 13, 2017",NA
324070,23.75,AM TPIT 55th Annual Christmas Meet Invitational, 2016,"Dec 17, 2016",NA
324070,24.33,2016 VA Blue Ridge Region-SW D, 2016,"Feb 28, 2016",0.0%
324070,24.33,Blue Ridge Region-SW District, 2016,"Feb 27, 2016",+0.0%
324070,24.34,2015 VA GATR Senior Shootout, 2015,"Dec 05, 2015",+1.7%
324070,24.76,2015 NC TAC Titans Big Southern, 2015,"Nov 07, 2015",+0.7%
324070,24.93,2015 VA GATR Fall Classic, 2015,"Oct 16, 2015",NA
324070,24.98,53rd Annual Christmas Meet, 2014,"Dec 13, 2014",NA
324070,25.19,2014 NASA Showcase Classic, 2014,"Apr 16, 2014",NA
519412,20.87,"Notre Dame vs. Pittsburgh, Virginia Tech", 2018,"Nov 03, 2018",-0.1%
519412,20.84,Virginia vs. Pittsburgh, 2018,"Oct 20, 2018",+0.5%
519412,21.01,Pittsburgh vs. George Washington, 2018,"Oct 13, 2018",-0.3%
519412,20.94,"Florida State vs. Georgia Tech, Pittsburgh", 2018,"Oct 06, 2018",NA
519412,20.26,2018 Pacific 12 Championships (M), 2018,"Mar 01, 2018",-2.7%
519412,20.14,2018 Pacific 12 Championships (M), 2018,"Mar 01, 2018",-2.1%
519412,20.65,Arizona State vs. Arizona, 2018,"Feb 03, 2018",-4.7%
519412,20.55,California vs. Arizona, 2018,"Jan 20, 2018",-4.2%
519412,20.59,California vs. Arizona, 2018,"Jan 20, 2018",-4.4%
519412,20.81,Stanford vs. Arizona, 2018,"Jan 19, 2018",-5.5%
519412,19.72,Texas Invitational, 2017,"Nov 30, 2017",+4.2%
519412,19.81,Texas Invitational, 2017,"Nov 30, 2017",+3.7%
519412,19.93,Texas Invitational, 2017,"Nov 30, 2017",+3.2%
519412,20.58,Arizona vs. Southern California, 2017,"Nov 04, 2017",+0.4%
519412,20.67,Arizona vs. Utah, 2017,"Oct 28, 2017",NA
519412,20.78,Arizona vs. Utah, 2017,"Oct 28, 2017",NA
419010,22.41,Magnus Cup, 2019,"Nov 22, 2019",+4.2%
419010,23.39,"La Salle vs. Delaware, Rider", 2019,"Nov 09, 2019",+0.8%
419010,23.70,George Mason vs Delaware, 2019,"Oct 05, 2019",NA
419010,23.59,George Mason vs Delaware, 2019,"Oct 05, 2019",NA
419010,21.96,Ohio State Winter Invitational, 2019,"Feb 17, 2019",+3.2%
419010,21.96,Ohio State Winter Invitational, 2019,"Feb 17, 2019",+3.2%
419010,22.68,AM TPIT 57th Annual Christmas Meet, 2018,"Dec 15, 2018",+0.7%
419010,22.84,Pittsburgh vs. George Washington, 2018,"Oct 13, 2018",NA
419010,22.23,Middle Atlantic Senior Short Course Championship, 2018,"Mar 30, 2018",-1.1%
419010,21.99,PV RMSC Holiday Invitational, 2017,"Dec 09, 2017",NA
419010,22.51,PV RMSC Holiday Invitational, 2017,"Dec 09, 2017",NA
419010,22.01,Speedo Champions Series - Eastern - Chambersburg (Region 2), 2017,"Apr 01, 2017",-0.1%
419010,21.97,Speedo Champions Series - Eastern - Chambersburg (Region 2), 2017,"Apr 01, 2017",+0.1%
419010,21.99,PV RMSC Holiday Invitational, 2016,"Dec 10, 2016",NA
419010,22.15,PV RMSC Holiday Invitational, 2016,"Dec 10, 2016",NA
419010,22.48,Eastern Zone Speedo Short Course Super Sectionals, 2016,"Apr 02, 2016",+0.3%
419010,22.64,Diplomat Swim Club  Speedo Holiday Classic, 2015,"Dec 05, 2015",NA
419010,22.55,Diplomat Swim Club  Speedo Holiday Classic, 2015,"Dec 05, 2015",NA
347566,21.76,AM TPIT 58th Annual Christmas Invitational, 2019,"Dec 14, 2019",-2.7%
347566,22.53,AM TPIT 58th Annual Christmas Invitational, 2019,"Dec 14, 2019",-6.4%
347566,21.18,Purdue Invitational, 2019,"Nov 21, 2019",NA
347566,21.44,Ohio State Invitational, 2018,"Nov 15, 2018",NA
347566,21.13,Ohio State Invitational, 2018,"Nov 15, 2018",NA
347566,21.89,NCSA Spring Junior National Championship, 2018,"Mar 17, 2018",-0.8%
347566,22.68,Potomac Valley Senior Short Course Championships, 2018,"Mar 10, 2018",-4.4%
347566,21.72,VHSL 5A State Championship, 2018,"Feb 16, 2018",+0.6%
347566,21.85,PV SDS Swim & Rock Meet, 2017,"Nov 18, 2017",NA
347566,22.48,PV SDS Swim & Rock Meet, 2017,"Nov 18, 2017",NA
347566,22.04,NCSA Spring Junior National Championship, 2017,"Mar 18, 2017",-1.1%
347566,21.81,PVS SC Senior Championships, 2017,"Mar 04, 2017",NA
347566,21.83,PVS SC Senior Championships, 2017,"Mar 04, 2017",NA
347566,22.33,2015 Gator Senior Shootout, 2015,"Dec 05, 2015",NA
347566,22.74,2015 PV SC Senior Championships, 2015,"Mar 06, 2015",NA
396257,20.48,2020 Atlantic Coast Championships (M), 2020,"Feb 27, 2020",+0.4%
396257,20.57,Western PA Invite, 2020,"Jan 24, 2020",+0.1%
396257,20.73,Pittsburgh vs. Denison, 2020,"Jan 17, 2020",-0.6%
396257,21.53,West Virginia vs. Pittsburgh, 2020,"Jan 04, 2020",-4.5%
396257,20.60,AM TPIT 58th Annual Christmas Invitational, 2019,"Dec 14, 2019",+0.2%
396257,20.91,AM TPIT 58th Annual Christmas Invitational, 2019,"Dec 14, 2019",-1.3%
396257,20.65,Purdue Invitational, 2019,"Nov 21, 2019",+3.0%
396257,20.74,Purdue Invitational, 2019,"Nov 21, 2019",+2.6%
396257,20.83,Purdue Invitational, 2019,"Nov 21, 2019",+2.2%
396257,21.29,Pittsburgh vs. Notre Dame, 2019,"Nov 09, 2019",NA
396257,20.64,2019 Atlantic Coast Championships (M), 2019,"Feb 28, 2019",-0.6%
396257,20.70,Pitt Western Pa Invitational, 2019,"Jan 26, 2019",-0.9%
396257,21.52,Denison vs. Pittsburgh, 2019,"Jan 18, 2019",-4.9%
396257,21.12,Pittsburgh vs. West Virginia, 2019,"Jan 05, 2019",-2.9%
396257,20.79,AM TPIT 57th Annual Christmas Meet, 2018,"Dec 15, 2018",-1.3%
396257,21.50,AM TPIT 57th Annual Christmas Meet, 2018,"Dec 15, 2018",-4.8%
396257,20.60,Ohio State Invitational, 2018,"Nov 15, 2018",+1.3%
396257,20.52,Ohio State Invitational, 2018,"Nov 15, 2018",+1.7%
396257,20.87,"Notre Dame vs. Pittsburgh, Virginia Tech", 2018,"Nov 03, 2018",+1.8%
396257,21.26,Virginia vs. Pittsburgh, 2018,"Oct 20, 2018",+0.2%
396257,21.47,Virginia vs. Pittsburgh, 2018,"Oct 20, 2018",-0.8%
396257,21.31,"Florida State vs. Georgia Tech, Pittsburgh", 2018,"Oct 06, 2018",NA
396257,21.36,NI TTSC End of Summer Meet, 2018,"Aug 07, 2018",NA
396257,20.77,2018 Mid-American Championships (M), 2018,"Feb 28, 2018",+2.7%
396257,20.81,2018 Mid-American Championships (M), 2018,"Feb 28, 2018",+2.5%
396257,21.35,Eastern Michigan vs. Albion, 2018,"Feb 02, 2018",+0.1%
396257,21.54,Miami (OH) vs. Eastern Michigan, 2018,"Jan 27, 2018",-0.8%
396257,21.91,Wayne State vs. Eastern Michigan, 2018,"Jan 20, 2018",-2.5%
396257,21.94,Ball State vs. Eastern Michigan, 2018,"Jan 13, 2018",-2.7%
396257,21.39,EMU Invitational, 2017,"Dec 02, 2017",-0.1%
396257,21.49,Eastern Michigan vs. Oakland, 2017,"Nov 11, 2017",-0.6%
396257,21.37,Denison vs. Eastern Michigan, 2017,"Oct 21, 2017",+0.1%
396257,21.40,Kentucky vs. Eastern Michigan, 2017,"Oct 14, 2017",+1.4%
396257,21.71,Eastern Michigan vs. Northwestern, 2017,"Oct 11, 2017",NA
396257,21.49,NCSA Spring Junior National Championship, 2017,"Mar 18, 2017",-2.5%
396257,21.51,2017 New York Boys Federation Championships, 2017,"Mar 03, 2017",-1.2%
396257,20.97,2017 New York Boys Federation Championships, 2017,"Mar 03, 2017",+1.4%
396257,21.13,2017 New York Boys Federation Championships, 2017,"Mar 03, 2017",+0.6%
396257,21.68,2017 New York Section VI Class A Championships, 2017,"Feb 04, 2017",-2.0%
396257,21.57,ECIC Division AA Championships, 2017,"Jan 28, 2017",-1.5%
396257,21.26,NI STAR Team Invitational, 2016,"Dec 11, 2016",+0.1%
396257,21.29,NI STAR Team Invitational, 2016,"Dec 10, 2016",NA
396257,21.82,NI STAR Team Invitational, 2016,"Dec 10, 2016",NA
396257,21.57,2016 New York Boys Federation Championships, 2016,"Mar 04, 2016",+1.6%
396257,21.74,2016 New York Boys Federation Championships, 2016,"Mar 04, 2016",+0.9%
396257,21.69,2016 New York Boys Federation Championships, 2016,"Mar 04, 2016",+1.1%
396257,21.70,2016 New York Boys Federation Championships, 2016,"Mar 04, 2016",+1.0%
396257,22.29,2016 New York Section IV Class A Championships, 2016,"Feb 13, 2016",NA
396257,21.93,2016 New York Section IV Class A Championships, 2016,"Feb 13, 2016",NA
396257,23.90,2014-15 New York Section VI Championships, 2015,"Feb 12, 2015",NA
396257,23.99,2014-15 New York Section VI Championships, 2015,"Feb 12, 2015",NA
396257,23.50,2014-15 New York Section VI Championships, 2015,"Feb 12, 2015",NA
396257,23.75,2014-15 New York Section VI Championships, 2015,"Feb 12, 2015",NA
347642,23.37,Colorado Swimming Senior Championships, 2018,"Feb 17, 2018",+1.5%
347642,23.73,CO JH Jeffco February Finale, 2018,"Feb 10, 2018",NA
347642,23.56,Colorado Swimming Senior Championships, 2017,"Feb 18, 2017",-0.0%
347642,23.55,CO TOPS Colorado Open, 2017,"Jan 29, 2017",+2.7%
347642,24.21,CO MACS Fall Invitational, 2016,"Oct 16, 2016",+98.3%
347642,24:04.00,CO JH September Open, 2016,"Sep 24, 2016",NA
672216,23.60,Ohio State Winter Invitational, 2019,"Feb 16, 2019",NA
672216,23.67,Ohio State Winter Invitational, 2019,"Feb 16, 2019",NA
377667,22.17,Virginia vs. Pittsburgh, 2018,"Oct 20, 2018",-0.6%
377667,22.03,Pittsburgh vs. George Washington, 2018,"Oct 13, 2018",NA
377667,22.52,Middle Atlantic Senior Short Course Championship, 2018,"Mar 30, 2018",-4.3%
377667,21.92,Middle Atlantic Senior Short Course Championship, 2018,"Mar 30, 2018",-1.5%
377667,21.60,MA LAC Speedo Holiday Cup, 2017,"Dec 16, 2017",+1.4%
377667,21.62,MA LAC Speedo Holiday Cup, 2017,"Dec 16, 2017",+1.3%
377667,21.90,PV NCAP Tom Dolan Invitational, 2017,"Dec 09, 2017",NA
377667,21.86,MA SC Senior Championship, 2017,"Apr 01, 2017",0.0%
377667,21.97,MA SC Senior Championship, 2017,"Apr 01, 2017",-0.5%
377667,21.86,Middle Atlantic Senior SCY Championships, 2017,"Mar 22, 2017",+0.0%
377667,22.26,MA UDAC Closed Invite, 2017,"Feb 26, 2017",-1.8%
377667,21.87,MA SAKA Kettle Bell Classic, 2016,"Dec 09, 2016",+1.8%
377667,22.27,2016 UDAC Rocktoberfest, 2016,"Oct 14, 2016",NA
377667,22.27,MA UDAC RocktoberFest, 2016,"Oct 16, 2016",0.0%
377667,22.76,Middle Atlantic Senior Championship Meet, 2016,"Mar 25, 2016",-0.2%
377667,22.72,Diplomat Swim Club  Speedo Holiday Classic, 2015,"Dec 05, 2015",NA
419072,22.70,West Virginia vs. Pittsburgh, 2020,"Jan 04, 2020",NA
419072,22.86,Middle Atlantic Junior Olympic Short Course Championships, 2019,"Mar 10, 2019",+8.5%
419072,23.07,Middle Atlantic Junior Olympic Short Course Championships, 2019,"Mar 10, 2019",+7.6%
419072,24.97,Middle Atlantic Junior Olympic Short Course Championships, 2019,"Mar 09, 2019",NA
419072,23.48,Washington & Jefferson vs. Pittsburgh-Bradford, 2017,"Nov 18, 2017",NA
419072,23.77,Wash & Jeff vs. Pitt-Bradford, 2015,"Nov 21, 2015",NA
493804,22.86,All American High School Invitational, 2019,"Jan 11, 2019",-4.2%
493804,28.50,All American High School Invitational, 2019,"Jan 11, 2019",-30.0%
493804,21.93,AM TPIT 57th Annual Christmas Meet, 2018,"Dec 15, 2018",+2.4%
493804,22.10,AM TPIT 57th Annual Christmas Meet, 2018,"Dec 15, 2018",+1.6%
493804,22.47,LE LESD Mark J Braun Fall Classic, 2018,"Nov 18, 2018",+1.1%
493804,22.73,AM HD BB and Faster, 2018,"Nov 04, 2018",0.0%
493804,22.73,AM SC HD BB and Faster, 2018,"Nov 03, 2018",NA
493804,23.02,2018 OH OSSC Spring into Summe, 2018,"Jun 03, 2018",NA
493804,25.05,The 2015 Mark J. Braun Fall Cl, 2015,"Nov 22, 2015",NA
493804,26.10,53rd Annual Christmas Meet, 2014,"Dec 13, 2014",NA
596689,23.25,Purdue Invitational, 2019,"Nov 23, 2019",+3.6%
596689,24.12,Michigan State vs. Pittsburgh, 2019,"Oct 18, 2019",NA
401518,22.75,Western PA Invite, 2020,"Jan 24, 2020",NA
401518,22.53,"Washington & Lee vs. VMI vs, Randolph", 2019,"Jan 19, 2019",NA
401518,22.17,Peters Township vs. South Park, 2018,"Feb 06, 2018",NA
401518,22.42,AM TPIT Gold Champs, 2017,"Mar 09, 2017",-0.5%
401518,22.30,AM TPIT 55th Annual Christmas Meet Invitational, 2016,"Dec 17, 2016",NA
401518,23.87,53rd Annual Christmas Meet, 2014,"Dec 13, 2014",NA
448593,21.18,2020 Atlantic Coast Championships (M), 2020,"Feb 27, 2020",+2.6%
448593,22.19,AM TPIT 58th Annual Christmas Invitational, 2019,"Dec 14, 2019",-2.0%
448593,22.58,AM TPIT 58th Annual Christmas Invitational, 2019,"Dec 14, 2019",-3.8%
448593,21.75,Purdue Invitational, 2019,"Nov 21, 2019",+2.0%
448593,21.77,Purdue Invitational, 2019,"Nov 21, 2019",+1.9%
448593,22.19,Pittsburgh vs. Notre Dame, 2019,"Nov 08, 2019",NA
448593,22.06,Speedo Champions Series - Phoenix, 2019,"Mar 24, 2019",-2.4%
448593,21.54,Arizona Short Course Senior Open Championships, 2019,"Mar 03, 2019",+1.1%
448593,21.66,Arizona Short Course Senior Open Championships, 2019,"Mar 03, 2019",+0.6%
448593,22.01,MAC vs SAC Dual Meet, 2019,"Feb 09, 2019",-1.0%
448593,21.55,Speedo Winter Junior Championships - West - Time Trials, 2018,"Dec 06, 2018",NA
448593,21.79,SAC Senior Open, 2018,"Nov 12, 2018",NA
448593,21.84,SAC Senior Open, 2018,"Nov 12, 2018",NA
448593,22.55,Arizona Short Course Senior Open Championships, 2018,"Mar 01, 2018",-2.6%
448593,22.81,AZ DTAC 26th Annual Lost Dutchman Invitational, 2018,"Feb 19, 2018",-3.8%
448593,22.04,GU TWST Southern Senior Champs, 2017,"Dec 02, 2017",NA
448593,21.98,GU TWST Southern Senior Champs, 2017,"Dec 02, 2017",NA
448593,23.28,AZ Short Course Senior Open Championships, 2017,"Mar 05, 2017",+1.1%
448593,23.56,GU TWST Southern Sr. Champs, 2016,"Dec 01, 2016",-0.1%
448593,23.54,TYR Classic, 2016,"Oct 01, 2016",NA
448593,23.83,Far Westerns, 2016,"Apr 03, 2016",+0.1%
448593,24.03,2016 Phoenix Winter Invitational, 2016,"Feb 14, 2016",NA
448593,23.86,2016 Phoenix Winter Invitational, 2016,"Feb 14, 2016",NA
1187354,21.01,Pittsburgh vs. Notre Dame, 2019,"Nov 09, 2019",-0.0%
1187354,21.00,Pittsburgh vs. Notre Dame, 2019,"Nov 08, 2019",NA
509865,20.24,2020 Atlantic Coast Championships (M), 2020,"Feb 27, 2020",+1.4%
509865,20.87,Western PA Invite, 2020,"Jan 24, 2020",-1.7%
509865,20.90,Pittsburgh vs. Denison, 2020,"Jan 17, 2020",-1.9%
509865,21.43,West Virginia vs. Pittsburgh, 2020,"Jan 04, 2020",-4.4%
509865,21.39,AM TPIT 58th Annual Christmas Invitational, 2019,"Dec 14, 2019",-4.2%
509865,21.58,AM TPIT 58th Annual Christmas Invitational, 2019,"Dec 14, 2019",-5.2%
509865,20.79,Purdue Invitational, 2019,"Nov 21, 2019",NA
509865,20.52,Purdue Invitational, 2019,"Nov 21, 2019",NA
422486,21.06,2020 Atlantic Coast Championships (M), 2020,"Feb 27, 2020",+2.0%
422486,21.49,Pittsburgh vs. Denison, 2020,"Jan 17, 2020",+1.1%
422486,21.73,West Virginia vs. Pittsburgh, 2020,"Jan 04, 2020",+0.3%
422486,21.79,Purdue Invitational, 2019,"Nov 23, 2019",+0.3%
422486,21.86,Michigan State vs. Pittsburgh, 2019,"Oct 18, 2019",NA
422486,21.23,Speedo Champions Series - Southern - College Station, 2019,"Mar 03, 2019",-1.1%
422486,21.06,UIL Texas 5A State Championship, 2019,"Feb 15, 2019",-0.3%
422486,21.14,UIL Texas 5A State Championship, 2019,"Feb 15, 2019",-0.7%
422486,21.30,UIL 5A Region 5 Championship, 2019,"Feb 01, 2019",-1.4%
422486,21.33,UIL 5A Region 5 Championship, 2019,"Feb 01, 2019",-1.6%
422486,21.00,Speedo Winter Junior Championships - West, 2018,"Dec 06, 2018",+0.7%
422486,21.15,Bob Stallings Aggieland Invitational, 2018,"Nov 03, 2018",+1.7%
422486,21.51,st AAAA-ns October Open, 2018,"Oct 20, 2018",NA
422486,20.77,Speedo Champions Series - Southern - College Station, 2018,"Mar 04, 2018",+2.5%
422486,21.39,Speedo Champions Series - Southern - College Station, 2018,"Mar 04, 2018",-0.4%
422486,21.84,Speedo Winter Junior Championships - West, 2017,"Dec 09, 2017",-2.5%
422486,21.30,Speedo Winter Junior Championships - West, 2017,"Dec 07, 2017",+0.6%
422486,21.42,Bob Stallings Aggieland Invitational, 2017,"Nov 10, 2017",+0.4%
422486,21.51,ST TXLA 11& Over November Unclassified, 2017,"Nov 03, 2017",+3.7%
422486,22.33,AISD Invitational, 2017,"Oct 20, 2017",NA
422486,21.33,Speedo Champions Series - Southern - College Station, 2017,"Feb 26, 2017",+1.0%
422486,21.55,2017 Texas 5A State Championships, 2017,"Feb 17, 2017",+0.6%
422486,21.69,2016 NT COR Winter Classic, 2016,"Dec 02, 2016",+2.6%
422486,21.69,"NT COR Classic, Rockwall, TX", 2016,"Dec 03, 2016",0.0%
422486,22.35,"NT COR Classic, Rockwall, TX", 2016,"Dec 03, 2016",-3.0%
422486,22.26,ST TXLA 11&O November Unclassified, 2016,"Nov 06, 2016",0.0%
422486,22.33,Bob Stallings Invitational, 2016,"Nov 05, 2016",-0.3%
422486,22.38,Bob Stallings Invitational, 2016,"Nov 05, 2016",-0.5%
422486,22.26,ST TXLA 11 & Over unclassified, 2016,"Nov 04, 2016",+0.9%
422486,22.46,ST AAAA Alamo Unclassified Number Two, 2016,"Oct 21, 2016",NA
422486,22.52,2016 NT Short Course TAGS Champs, 2016,"Mar 03, 2016",-1.7%
422486,22.25,Speedo Champions Series - College Station, 2016,"Feb 28, 2016",-0.5%
422486,22.66,2016 ST CBA STAGS Short Course, 2016,"Feb 14, 2016",-2.3%
422486,22.79,2016 ST CBA STAGS Short Course, 2016,"Feb 14, 2016",-2.9%
422486,22.66,2016 ST CBA STAGS Short Course, 2016,"Feb 12, 2016",-2.3%
422486,22.14,UIL 5A - Region 5 Championships, 2016,"Feb 05, 2016",NA
422486,22.31,UIL 5A - Region 5 Championships, 2016,"Feb 05, 2016",NA
412578,23.09,AM TPIT 58th Annual Christmas Invitational, 2019,"Dec 14, 2019",-8.9%
412578,21.20,Purdue Invitational, 2019,"Nov 21, 2019",NA
412578,21.61,NC TAC Titans TYR Blizzard Blitz, 2018,"Dec 08, 2018",+4.5%
412578,21.38,NC TAC Titans TYR Blizzard Blitz, 2018,"Dec 08, 2018",+5.5%
412578,22.63,MA SJAC IMX, 2018,"Nov 11, 2018",+1.3%
412578,22.92,NJ SJAC Dual in the pool, 2018,"Oct 14, 2018",NA
412578,22.22,ISCA Junior National Championships, 2018,"Mar 22, 2018",-2.9%
412578,22.45,MD RAC Retriever Classic, 2018,"Jan 15, 2018",-4.0%
412578,22.85,MD RAC Retriever Classic, 2018,"Jan 15, 2018",-5.8%
412578,21.73,NC TAC Titans TYR Blizzard Blitz, 2017,"Dec 09, 2017",NA
412578,21.59,NC TAC Titans TYR Blizzard Blitz, 2017,"Dec 09, 2017",NA
412578,21.68,NASA Junior National Cup, 2017,"Mar 21, 2017",+1.4%
412578,22.05,2017 NJSIAA State Swimming & Diving Championship, 2017,"Mar 04, 2017",-0.3%
412578,22.51,2017 NJSIAA State Swimming & Diving Championship, 2017,"Mar 04, 2017",-2.4%
412578,21.98,Cherry Hill East vs. Eastern, 2017,"Jan 23, 2017",+2.4%
412578,22.53,MD RAC Retriever Classic, 2017,"Jan 14, 2017",NA
