Name,Team,FR,Events-FR,SO,Events-SO,JR,Events-JR,SR,Events-SR,Total Points
Alyssa Anderson,Boston College,28,3,20,3,31,3,23,3,102
Loren Ball,Boston College,,,,,,,,,0
Maureen Barron,Boston College,,,0,3,0,3,0,3,0
Bailey Brown,Boston College,,,,,,,,,0
Catherine Cole,Boston College,,,,,,,,,0
Samantha Couillard,Boston College,,,0,3,,,0,3,0
Kelly DiStefano,Boston College,,,,,,,,,0
Emily Downs,Boston College,0,3,0,3,,,,,0
Rachel Emodi,Boston College,,,,,,,,,0
Annie Fothergill,Boston College,,,,,0,3,0,3,0
Megan Fuqua,Boston College,,,,,,,,,0
Dana Hadra,Boston College,,,,,,,0,2,0
Kelsey Hawthorne,Boston College,,,,,,,,,0
Hanna Hunstad,Boston College,,,,,,,,,0
Madeleine Irwin,Boston College,,,,,,,,,0
Ann Kearns,Boston College,,,,,,,,,0
Rainey Kelly,Boston College,,,,,,,,,0
Abigail Kordell,Boston College,0,3,0,3,0,4,0,3,0
Gracie Kunkel,Boston College,0,3,0,3,0,3,0,3,0
Corinne Larkin,Boston College,,,,,0,2,0,2,0
Allison Lewandowski,Boston College,,,,,,,,,0
Allison Lloyd,Boston College,,,,,,,,,0
Lisa Lopez,Boston College,,,,,,,,,0
Annie MacKay,Boston College,,,,,,,,,0
Catherine MacKeen,Boston College,,,,,,,,,0
Madeline Mailliard,Boston College,0,4,0,3,0,3,0,3,0
Elizabeth Mangone,Boston College,,,,,,,,,0
Caroline Maniscalco,Boston College,,,,,,,,,0
Allie Manning,Boston College,,,,,0,4,,,0
Elizabeth Manning,Boston College,,,0,4,0,3,0,4,0
Caitlin Marks,Boston College,,,0,3,,,,,0
Alison McDonough,Boston College,,,,,0,3,0,3,0
Kelly McGrath,Boston College,,,,,0,4,0,3,0
Mackenzie Merriam,Boston College,0,3,,,,,,,0
Melissa Merwin,Boston College,,,,,0,4,0,4,0
Stephanie Ng,Boston College,,,,,,,,,0
Ellie O' Brien,Boston College,,,,,,,,,0
Kathryn Oskar,Boston College,,,,,0,2,,,0
Jordan Parry,Boston College,,,0,3,0,3,0,4,0
ASHLEIGH POPERA,Boston College,,,,,,,,,0
Kimberly Rich,Boston College,,,,,0,3,0,3,0
Allison Ridge,Boston College,,,,,,,,,0
Nicole Rodriquez,Boston College,,,,,,,,,0
Bella Salvatori,Boston College,,,,,,,,,0
Allyson Shurmur,Boston College,,,,,,,,,0
Andrea Smelser,Boston College,,,,,,,,,0
Katherine Vanasse,Boston College,,,,,,,,,0
Allison Viverette,Boston College,,,,,0,4,,,0
Marina Vranos,Boston College,,,0,2,,,0,2,0
Gillian Walsh,Boston College,,,,,,,,,0
Kelly Ward,Boston College,,,,,,,,,0
Kristen Webber,Boston College,,,,,,,,,0
Brittany Williford,Boston College,,,,,,,,,0
Molly Anderson,Boston College,,,,,,,,,0
Amanda Bieler,Boston College,2,3,0,3,,,,,2
Grace Gibbons,Boston College,0,3,,,,,,,0
Kelsey Golden,Boston College,,,,,,,,,0
Danielle Homere,Boston College,,,0,5,,,,,0
Emily Mann,Boston College,0,3,0,4,0,3,0,3,0
Alexandra Popera,Boston College,,,,,,,,,0
Caroline Quindlen,Boston College,0,4,0,4,0,4,0,4,0
Madeline Simone,Boston College,0,4,,,,,,,0
Emily Smith,Boston College,0,3,0,3,0,3,,,0
Kelsey Tague,Boston College,,,,,,,,,0
Maria Abrams,Boston College,,,,,0,3,,,0
Abigail Austin,Boston College,,,,,,,,,0
Elizabeth Canning,Boston College,,,,,,,,,0
Lindsay Caplan,Boston College,,,,,,,,,0
Sydney Dacey,Boston College,,,,,,,,,0
Julie Dobson,Boston College,,,0,3,0,3,,,0
Hope Dragelin,Boston College,0,4,,,,,,,0
Caroline Even,Boston College,,,,,0,3,,,0
Mary Fitzsimmons,Boston College,0,3,,,,,,,0
Margaret Flanagan,Boston College,,,,,,,,,0
Erika Freeman,Boston College,0,4,0,3,0,5,0,5,0
Kelsey Holmes,Boston College,,,,,,,,,0
Katherine Karle,Boston College,0,3,0,3,0,3,0,4,0
Cecilia O'Reilly,Boston College,,,,,0,2,,,0
Laura Packer,Boston College,,,,,,,,,0
Maria Russo,Boston College,,,,,,,,,0
Gabriella Taghian,Boston College,,,0,2,,,,,0
Claudia Brady,Boston College,,,,,,,,,0
Julianna Carbone,Boston College,,,,,,,,,0
Taylor Covington,Boston College,0,3,0,3,0,2,0,2,0
Aileen Coyne,Boston College,,,,,0,3,,,0
Mary Curley,Boston College,,,,,,,,,0
Jamie Doherty,Boston College,,,,,,,,,0
Ina Elcott,Boston College,0,3,0,3,0,3,,,0
Kristina Fecarotta,Boston College,0,3,0,5,0,4,0,5,0
Mariel Green,Boston College,,,,,,,,,0
Sarah Hanning,Boston College,0,3,,,,,,,0
Shae Heitz,Boston College,,,,,,,,,0
Chloe Kargodorian,Boston College,,,0,3,,,,,0
Victoria Lin,Boston College,0,3,0,3,0,3,0,3,0
Dakota Meyer,Boston College,,,0,3,,,,,0
Lauren Quinn,Boston College,0,3,0,5,0,4,0,5,0
Natalie Dalla Riva,Boston College,0,3,0,4,,,,,0
Dominique Gray,Boston College,0,3,,,,,,,0
MAURA GRIMES,Boston College,0,4,0,4,0,3,,,0
Alison Kea,Boston College,0,2,0,3,0,3,,,0
Michaela McGeary,Boston College,0,4,0,5,0,3,,,0
AvRey Rocca,Boston College,,,,,,,,,0
Elizabeth Uhl,Boston College,0,2,0,2,0,2,,,0
Isabel Blaze,Boston College,0,3,,,,,,,0
Mackenna Buchanan,Boston College,,,,,,,,,0
Haley Dolan,Boston College,0,3,0,3,,,,,0
Grace Edwards,Boston College,0,3,0,4,,,,,0
Alexa Lantin,Boston College,0,3,0,3,,,,,0
Anna Milia,Boston College,0,3,0,3,,,,,0
Ashleigh Scott,Boston College,0,3,0,3,,,,,0
Delaney Thomas,Boston College,,,,,,,,,0
Nicole Barkemeyer,Boston College,0,3,,,,,,,0
Katherine Cilley,Boston College,,,,,,,,,0
Julia Donahue,Boston College,,,,,,,,,0
Mary Gannon,Boston College,,,,,,,,,0
Katherine Hayes,Boston College,,,,,,,,,0
Madeline King,Boston College,0,4,,,,,,,0
Sophia Miller,Boston College,0,4,,,,,,,0
Lindsey Ryalls,Boston College,0,5,,,,,,,0
Sofia Zinis,Boston College,0,3,,,,,,,0
Emily Barber,Duke University,,,,,,,37,3,37
Liza Bragg,Duke University,26,3,9,3,3,3,0,3,38
Caroline Conklin,Duke University,,,,,,,,,0
Linsay Cooper,Duke University,,,0,3,0,3,,,0
Kathryn Eckhart,Duke University,,,4,3,3,3,,,7
Brittany Friese,Duke University,19,3,11,3,8,3,41,3,79
Jaimee Gundry,Duke University,,,30,3,13,3,,,43
Kelly Hagerty,Duke University,,,,,,,,,0
Alexandria Horn,Duke University,,,,,,,,,0
Eneka Lamb,Duke University,,,,,,,,,0
Patricia Leeson,Duke University,,,,,,,,,0
Megan McCarroll,Duke University,,,,,0,3,,,0
Kendall McClenney,Duke University,,,20,3,16,3,4,2,40
Alexa Mendes,Duke University,,,,,,,,,0
Kiera Molloy,Duke University,,,5,3,13,3,,,18
Meghan Price,Duke University,,,,,,,,,0
Kirby Quinn,Duke University,10,3,3,3,,,41,3,54
Madeline Rusch,Duke University,40,3,18,3,37,3,28,2,123
Lindsey Schlichte,Duke University,17,3,,,,,14,3,31
Ashleigh Shanley,Duke University,,,0,3,20,3,13,3,33
Jessica Sutherland,Duke University,2,5,1,4,1,3,,,4
Francesca Tocci,Duke University,,,,,0,3,,,0
Lauren Weaver,Duke University,,,,,65,3,,,65
Christine Wixted,Duke University,,,,,71,7,5,3,76
Chelsea Ye,Duke University,8,3,0,3,,,,,8
Verity Abel,Duke University,36,3,18,3,58,4,54,3,166
Abby Artmann,Duke University,,,,,,,,,0
Elizabeth Devitt,Duke University,7,3,13,4,2,3,41,3,63
Leah Goldman,Duke University,59,4,50,3,49,3,60,3,218
Hanna House,Duke University,,,,,,,,,0
Catie Miller,Duke University,1,3,,,,,,,1
Isabella Paez,Duke University,31,4,41,3,23,3,41,3,136
Katherine Plevka,Duke University,,,,,,,,,0
Maria Sheridan,Duke University,1,4,,,,,,,1
Maryellen Targonski,Duke University,29,3,39,3,33,3,39,3,140
Alexandra Aitchison,Duke University,6,3,3,3,,,,,9
Alyssa Arwood,Duke University,,,,,,,,,0
Elizabeth Fitzpatrick,Duke University,,,29,3,34,2,16,2,79
Madeline Hess,Duke University,58,4,35,4,62,4,68,4,223
Mickayla Hinkle,Duke University,28,4,23,3,,,,,51
Susan Hynes,Duke University,,,,,9,3,,,9
Anna Quinn,Duke University,,,20,3,2,3,5,3,27
Lindsey Trematerra,Duke University,,,,,,,,,0
Mackenzie Willborn,Duke University,45,3,48,3,66,3,55,3,214
Colleen Wixted,Duke University,,,,,14,3,,,14
Suzanne Dolan,Duke University,,,,,,,,,0
Jaina Gaudette,Duke University,,,8,3,3,3,,,11
Kylie Jordan,Duke University,17,3,51,3,55,3,11,3,134
Brittany Kahn,Duke University,,,,,,,,,0
Brittany Kampfer,Duke University,0,3,6,3,,,14,3,20
Alyssa Marsh,Duke University,36,3,30,4,76,4,73,3,215
Kira Page,Duke University,,,,,,,,,0
Constance Dean,Duke University,24,3,,,40,3,,,64
Halle Morris,Duke University,,,1,3,12,3,,,13
Carly Perri,Duke University,,,16,3,,,,,16
Erin Winslow,Duke University,7,3,15,3,18,3,,,40
Lucy Callard,Duke University,14,2,,,,,,,14
Shayna Hollander,Duke University,16,3,11,3,,,,,27
Easop Lee,Duke University,30,3,45,3,,,,,75
Zoe Lusk,Duke University,1,3,,,,,,,1
Shae Nicolaisen,Duke University,,,,,,,,,0
Rachel Peroni,Duke University,,,,,,,,,0
Madeline Pfaff,Duke University,,,,,,,,,0
Melissa Pish,Duke University,36,3,28,3,,,,,64
Maddison Pullinger,Duke University,47,3,17,2,,,,,64
Quinn Scannell,Duke University,,,,,14,3,,,14
Cabell Whitlow,Duke University,56,3,14,3,,,,,70
Olwyn Bartis,Duke University,,,,,,,,,0
Alexandra Bumpas,Duke University,,,,,,,,,0
Kaitlin Mullin,Duke University,9,2,,,,,,,9
Natasha ONG,Duke University,,,,,,,,,0
Seohyun Park,Duke University,27,3,,,,,,,27
Emma Shuppert,Duke University,25,4,,,,,,,25
Sarah Snyder,Duke University,17,3,,,,,,,17
Olivia Tighe,Duke University,,,,,,,,,0
Aliyah Watson,Duke University,27,3,,,,,,,27
Chelsie Britt,Florida State University,,,,,,,82,3,82
Olivia Carter,Florida State University,,,,,,,,,0
Josephine Cuda,Florida State University,,,18,3,11,3,1,3,30
Kaitlyn Dressel,Florida State University,,,,,70,3,82,3,152
Laura Flewelling,Florida State University,,,,,,,,,0
Alexia Gonzalez,Florida State University,7,3,5,3,,,,,12
Kelsey Goodman,Florida State University,,,,,39,3,,,39
Julia Henkel,Florida State University,,,,,46,3,,,46
Ashley Hicks,Florida State University,,,,,,,,,0
Lauren Hine,Florida State University,,,6,3,,,,,6
Ashly Isaacson,Florida State University,,,,,,,,,0
Madison Jacobi,Florida State University,,,71,3,,,,,71
Jordan Jarmakowicz,Florida State University,,,,,,,,,0
Mary King,Florida State University,,,,,,,,,0
McKayla Lightbourn,Florida State University,,,,,58,3,,,58
Sara McMahon,Florida State University,,,,,,,,,0
Caroline Neil,Florida State University,4,3,1,2,28,3,17,3,50
Tiffany Oliver,Florida State University,,,,,78,3,,,78
Caroline Page,Florida State University,,,,,,,,,0
Samantha Pochowski,Florida State University,,,16,3,39,4,9,3,64
Michelle Pope,Florida State University,,,,,,,,,0
Haley Powell,Florida State University,,,,,,,2,3,2
Ariel Rittenhouse,Florida State University,,,,,49,3,,,49
Bianca Spinazzola,Florida State University,,,45,4,22,4,11,4,78
Morgan Stephenson,Florida State University,,,37,3,,,,,37
Katherine Stringfield,Florida State University,,,,,3,3,0,3,3
Lydia Ware,Florida State University,,,0,3,1,3,20,3,21
Hannah Wilson,Florida State University,,,,,,,,,0
Katrina Young,Florida State University,,,,,85,3,72,3,157
Ariel Barber,Florida State University,,,0,3,2,4,2,3,4
Cameron Brown,Florida State University,,,,,,,,,0
Caroline Gerhardt,Florida State University,0,3,,,,,,,0
Meghan Haila,Florida State University,,,,,,,0,3,0
Colby Harvey,Florida State University,14,3,,,,,,,14
Alexandria Kehoe,Florida State University,,,,,,,,,0
Robin Landy,Florida State University,,,,,,,,,0
Kendall McIntosh,Florida State University,,,,,,,0,3,0
Blaire Mulka,Florida State University,,,24,3,35,3,50,3,109
Natalie Pierce,Florida State University,39,3,26,3,25,2,60,3,150
Krissa Robinson,Florida State University,,,,,,,,,0
Brenna Ruth,Florida State University,0,3,0,3,,,,,0
Alexi Smith,Florida State University,16,3,2,2,0,3,3,3,21
Daniella Van Den Berg,Florida State University,,,,,,,12,2,12
Megan Brown,Florida State University,46,3,16,3,9,3,,,71
Ariel Finke,Florida State University,,,,,,,33,3,33
Cassidy Gebhart,Florida State University,47,3,31,3,,,,,78
McKenna Harris,Florida State University,0,3,,,,,,,0
Fabiana Ingram,Florida State University,,,,,,,,,0
Leila Johnston,Florida State University,1,3,3,3,3,3,,,7
Caroline Nava,Florida State University,,,,,,,,,0
Lauren Peavy,Florida State University,,,,,,,,,0
Natalie Purnell,Florida State University,,,13,3,14,4,37,3,64
Manuella Andrade,Florida State University,2,3,,,,,,,2
Macie Beairsto,Florida State University,,,,,,,,,0
Nicole Blank,Florida State University,0,3,,,,,,,0
Ayla Bonniwell,Florida State University,43,3,52,3,47,2,44,2,186
Molly Carlson,Florida State University,85,3,36,2,73,3,92,3,286
Natalie Chambers,Florida State University,,,,,,,,,0
Christi DiPaolo,Florida State University,,,,,,,,,0
Helayna Hessinger,Florida State University,,,,,,,,,0
Christina Loh,Florida State University,,,,,45,3,,,45
Tayla Lovemore,Florida State University,,,,,49,3,54,4,103
Haley O'Meara,Florida State University,,,,,,,,,0
Paige Schendelaar-Kemp,Florida State University,0,3,,,18,3,4,3,22
Michelle Turek,Florida State University,,,11,3,,,,,11
Alexandria Wittman,Florida State University,,,,,4,3,,,4
Ana Zortea,Florida State University,,,,,,,11,3,11
Mykala Arnold,Florida State University,,,,,,,,,0
Kile Carriger,Florida State University,,,,,,,,,0
Madeline Cohen,Florida State University,5,4,6,3,7,3,,,18
Kara Coughlin,Florida State University,,,,,,,,,0
Shelly Drozda,Florida State University,,,,,7,4,,,7
Isabella English,Florida State University,,,,,,,,,0
Georgiana Gardner,Florida State University,,,,,,,,,0
Madison Holland,Florida State University,,,,,,,,,0
Olivia Jacobi,Florida State University,,,,,,,,,0
McKenna Keith,Florida State University,,,,,,,,,0
Hailey Ladd,Florida State University,,,,,,,,,0
Wallace Layland,Florida State University,56,3,79,3,53,2,54,2,242
Melissa Marinheiro,Florida State University,,,,,,,,,0
Elise OLSEN,Florida State University,,,,,,,,,0
Kathryn Petrone,Florida State University,7,4,,,,,,,7
Emma Terebo,Florida State University,19,3,25,4,18,4,,,62
Madison Tyle,Florida State University,,,,,,,,,0
Elizabeth Zubero,Florida State University,,,,,,,,,0
Kertu Alnek,Florida State University,,,,,,,,,0
Katherine Baker,Florida State University,,,2,3,,,,,2
Boglarka BONECZ,Florida State University,12,3,,,,,,,12
Grace Cable,Florida State University,38,2,,,,,,,38
Alexis Durlacher,Florida State University,,,,,,,,,0
Magdalena Emary,Florida State University,,,3,3,,,,,3
Klaudia Greer,Florida State University,,,,,,,,,0
Dorothy Halmy,Florida State University,,,,,6,3,,,6
Lauren Hew,Florida State University,,,,,,,,,0
Stephanie Holmes,Florida State University,15,3,4,1,,,,,19
Ida Hulkko,Florida State University,36,3,,,,,,,36
Laura Jensen,Florida State University,14,2,,,,,,,14
Nina Kucheran,Florida State University,68,3,40,3,,,,,108
Madeleine McDonald,Florida State University,19,4,26,4,,,,,45
Hannah Womer,Florida State University,,,6,4,,,,,6
Aryanna Fernandes,Florida State University,,,25,4,,,,,25
Leanna Gharbaoui,Florida State University,,,,,,,,,0
Giulia Grasso,Florida State University,,,,,,,,,0
Elizabeth Harris,Florida State University,,,,,,,,,0
Rebecca Moynihan,Florida State University,,,,,1,3,,,1
Tania Quaglieri,Florida State University,0,3,,,,,,,0
Sydney Vanovermeiren,Florida State University,20,3,,,,,,,20
Katherine Brandus,Georgia Institute of Technology,,,,,1,3,0,3,1
Elise Breaux,Georgia Institute of Technology,,,,,,,,,0
Kate Clark,Georgia Institute of Technology,,,0,3,,,,,0
Darelle Cowley,Georgia Institute of Technology,,,0,3,0,1,23,3,23
Andrea Demick,Georgia Institute of Technology,14,2,12,2,5,1,0,2,31
Catherine Felix,Georgia Institute of Technology,,,,,,,,,0
Caroline Fore,Georgia Institute of Technology,,,,,,,,,0
Ashley Hardy,Georgia Institute of Technology,,,,,20,3,,,20
Samantha Kase,Georgia Institute of Technology,,,,,,,,,0
Katherine Kerman,Georgia Institute of Technology,,,0,4,,,,,0
Frederique Lefebvre,Georgia Institute of Technology,,,0,3,1,5,,,1
Shannon Lumbra,Georgia Institute of Technology,,,39,3,39,3,25,3,103
Kelsey Maloney,Georgia Institute of Technology,,,,,,,,,0
Madeline Paschal,Georgia Institute of Technology,,,0,4,5,4,8,4,13
Catherine Richards,Georgia Institute of Technology,,,,,0,3,0,3,0
Sarah Roethel,Georgia Institute of Technology,,,,,,,,,0
Jaclyn Rohal,Georgia Institute of Technology,,,,,,,,,0
Efrat Rotsjen,Georgia Institute of Technology,,,,,0,3,0,4,0
Chiara Ruiu,Georgia Institute of Technology,0,3,4,3,22,3,18,3,44
Erika Staskevicius,Georgia Institute of Technology,,,2,3,0,1,0,3,2
Carly Sweeney,Georgia Institute of Technology,,,0,3,0,2,0,3,0
Alexandra Tracy,Georgia Institute of Technology,0,3,0,3,,,,,0
Hailey White,Georgia Institute of Technology,,,,,0,3,,,0
Sarah Williford,Georgia Institute of Technology,,,26,3,12,3,,,38
Kathryn Woolbright,Georgia Institute of Technology,,,,,5,3,,,5
Madison Young,Georgia Institute of Technology,22,3,1,3,16,3,3,3,42
Kira DeBruyn,Georgia Institute of Technology,0,2,5,3,33,3,29,3,67
Morgan Lyons,Georgia Institute of Technology,0,3,2,3,0,3,2,3,4
Ellen Posch,Georgia Institute of Technology,,,,,,,,,0
Caroline Price,Georgia Institute of Technology,,,,,,,,,0
Alexandra Rieger,Georgia Institute of Technology,0,1,6,3,0,3,,,6
MaryKathryn Terry,Georgia Institute of Technology,,,,,,,,,0
Megan Young,Georgia Institute of Technology,0,3,,,,,17,4,17
Lila Best,Georgia Institute of Technology,,,,,,,,,0
Laura Branton,Georgia Institute of Technology,20,3,32,3,6,3,,,58
Sara Gilbert,Georgia Institute of Technology,0,3,0,3,0,4,0,3,0
Megan Hansen,Georgia Institute of Technology,,,,,,,,,0
Florina Ilie,Georgia Institute of Technology,17,3,,,23,3,,,40
Haibing Wang,Georgia Institute of Technology,29,3,42,3,32,3,46,3,149
Kayla Williams,Georgia Institute of Technology,,,,,,,,,0
Sara Al Khatib,Georgia Institute of Technology,1,3,,,,,,,1
Kelli Croft,Georgia Institute of Technology,,,,,,,,,0
Caroline Doi,Georgia Institute of Technology,2,3,11,3,12,3,27,3,52
Emily Dykstra,Georgia Institute of Technology,,,,,,,,,0
Tamir Gonen,Georgia Institute of Technology,,,,,,,2,4,2
Kristen Hepler,Georgia Institute of Technology,2,3,12,3,15,3,26,3,55
Emily Ilgenfritz,Georgia Institute of Technology,12,3,36,3,46,3,29,3,123
Kaitlin Kitchens,Georgia Institute of Technology,,,,,0,3,1,3,1
Caroline Lee,Georgia Institute of Technology,6,3,5,3,0,3,21,4,32
Chloe Miller,Georgia Institute of Technology,2,3,4,3,,,0,3,6
Madeline Oliver,Georgia Institute of Technology,0,3,,,,,,,0
Jordyn Sak,Georgia Institute of Technology,,,,,,,,,0
Lindsay Wallace,Georgia Institute of Technology,,,0,3,3,3,5,3,8
Abbey Yates,Georgia Institute of Technology,0,3,,,,,,,0
Paige Gohr,Georgia Institute of Technology,6,3,,,,,,,6
Camryn Hidalgo,Georgia Institute of Technology,,,59,3,85,3,,,144
Camille Long,Georgia Institute of Technology,,,4,3,,,,,4
Catriona Macgregor,Georgia Institute of Technology,,,0,3,0,4,,,0
Grace Mauldin,Georgia Institute of Technology,,,0,3,0,3,,,0
Alexandra Nilsson,Georgia Institute of Technology,,,,,,,,,0
Celine Nugent,Georgia Institute of Technology,0,3,,,,,,,0
Alexandra Paschal,Georgia Institute of Technology,0,3,3,4,7,3,,,10
Julia Shuford,Georgia Institute of Technology,,,,,0,3,,,0
Kelsey Dekshenieks,Georgia Institute of Technology,1,3,2,3,,,,,3
Madeleine Hadd,Georgia Institute of Technology,1,3,9,3,,,,,10
Morgan Johnson,Georgia Institute of Technology,17,3,15,3,,,,,32
Macleary Moran,Georgia Institute of Technology,,,,,,,,,0
Jami Williams,Georgia Institute of Technology,0,3,,,,,,,0
Nicole Williams,Georgia Institute of Technology,5,3,5,3,,,,,10
McKenzie Campbell,Georgia Institute of Technology,3,3,,,,,,,3
Abigail Cohen,Georgia Institute of Technology,,,,,,,,,0
Kyrsten Davis,Georgia Institute of Technology,0,2,,,,,,,0
Imane El Barodi,Georgia Institute of Technology,,,,,,,,,0
Amanda Hoejberg,Georgia Institute of Technology,,,,,,,,,0
Brooke Switzer,Georgia Institute of Technology,5,3,,,,,,,5
Carmen Woodruff,Georgia Institute of Technology,,,,,,,,,0
Erika Bonnema,North Carolina State University,,,44,3,59,3,60,3,163
Kayla Brumbaum,North Carolina State University,32,3,46,3,66,3,67,3,211
Addisynn Bursch,North Carolina State University,24,3,58,3,,,,,82
Kristin Connors,North Carolina State University,,,27,3,,,17,3,44
Hannah Freyman,North Carolina State University,,,,,39,3,7,3,46
Nicole Giamber,North Carolina State University,,,,,,,,,0
Zina Grogg,North Carolina State University,,,,,64,4,,,64
Mariah Hamil,North Carolina State University,,,,,,,,,0
Nicole Haynes,North Carolina State University,,,,,15,3,16,3,31
Lydia Jones,North Carolina State University,29,3,4,3,34,3,12,3,79
Madaline Keeley,North Carolina State University,,,,,,,,,0
Ashlyn Koletic,North Carolina State University,,,46,4,33,3,68,4,147
Natalie Labonge,North Carolina State University,65,3,38,3,80,3,60,3,243
Anne Leuthold,North Carolina State University,,,,,,,16,3,16
Katelyn Linker,North Carolina State University,,,,,,,20,3,20
Kelsey Liu,North Carolina State University,,,,,19,3,,,19
Gabrielle McDermott,North Carolina State University,,,0,3,3,3,,,3
Kaitlin Mills,North Carolina State University,,,,,26,3,,,26
Rachel Muller,North Carolina State University,49,3,68,3,79,3,66,3,262
Lotta Nevalainen,North Carolina State University,44,3,28,3,25,3,59,3,156
Kendall Pena,North Carolina State University,,,,,2,3,,,2
Lauren Poli,North Carolina State University,,,,,48,3,35,3,83
Payton Schrum,North Carolina State University,,,,,,,,,0
Hayley Tomlinson,North Carolina State University,,,21,3,,,,,21
Madison Witzke,North Carolina State University,,,0,3,,,,,0
Bailey Woodling,North Carolina State University,,,,,,,,,0
Alexia Zevnik,North Carolina State University,64,3,81,5,84,4,96,4,325
Krista Duffield,North Carolina State University,35,3,52,3,60,3,50,3,197
Caroline Estep,North Carolina State University,,,,,,,,,0
Gobi McDermmott,North Carolina State University,,,,,,,,,0
Rachael Mumma,North Carolina State University,,,,,55,3,72,3,127
Yurie Nakano,North Carolina State University,,,,,9,3,37,3,46
Lauren Rhodes,North Carolina State University,0,3,,,,,,,0
Emerson Barnhill,North Carolina State University,,,,,,,,,0
Courtney Caldwell,North Carolina State University,48,3,80,3,,,,,128
Morgan Carr,North Carolina State University,10,3,,,,,,,10
Michelle Craddock,North Carolina State University,,,,,,,62,3,62
Allison Fogleman,North Carolina State University,,,,,,,,,0
Anna Jahns,North Carolina State University,,,35,3,52,3,61,3,148
Christine Kerr,North Carolina State University,,,6,3,,,,,6
Rozhina McClanahan,North Carolina State University,,,,,,,,,0
Hannah Moore,North Carolina State University,,,82,3,80,3,87,3,249
Lindsay Morrow,North Carolina State University,4,3,30,3,54,3,38,3,126
Carlie Perkin,North Carolina State University,,,,,,,,,0
Catherine Revels,North Carolina State University,,,,,,,,,0
Elizabeth Underkoffler,North Carolina State University,,,,,,,,,0
Vasiliki Baka,North Carolina State University,0,3,8,3,,,,,8
Rachel Burston,North Carolina State University,7,3,,,,,,,7
Mackenzie Glover,North Carolina State University,37,3,22,3,,,60,3,119
Elise Haan,North Carolina State University,,,51,4,69,4,56,4,176
Jessica Horomanski,North Carolina State University,17,3,57,3,49,3,46,3,169
Madeline Kline,North Carolina State University,41,3,60,3,54,3,55,3,210
Olga Lapteva,North Carolina State University,,,,,,,,,0
Ky-lee Perry,North Carolina State University,66,3,,,55,3,61,3,182
Olivia Calegan,North Carolina State University,16,3,60,3,58,3,,,134
Jacqueline Clabeaux,North Carolina State University,,,,,,,,,0
Olivia Fisher,North Carolina State University,22,3,26,3,,,,,48
Tamila Holub,North Carolina State University,,,,,,,,,0
Danika Huizinga,North Carolina State University,27,3,17,3,40,3,,,84
Alexandra Lupton,North Carolina State University,,,,,12,3,,,12
Katherine Moore,North Carolina State University,56,3,84,3,87,4,,,227
Madeline Morello,North Carolina State University,,,,,,,,,0
Julia Poole,North Carolina State University,75,3,82,4,74,3,,,231
Anna Shumate,North Carolina State University,20,3,,,20,3,,,40
Kylee Alons,North Carolina State University,78,3,87,3,,,,,165
Taylor Bennett,North Carolina State University,,,,,,,,,0
Felicity Buchmaier,North Carolina State University,,,,,,,,,0
Hailey Fisher,North Carolina State University,,,,,,,,,0
Sophie Hansson,North Carolina State University,90,3,84,3,,,,,174
Shannon Kearney,North Carolina State University,,,,,,,,,0
Emma Muzzy,North Carolina State University,82,3,81,3,,,,,163
Sirena Rowe,North Carolina State University,,,,,31,3,,,31
Brooke Rubendall,North Carolina State University,,,,,,,,,0
Makayla Sargent,North Carolina State University,,,,,69,3,79,3,148
Michell Schlossmacher-Smith,North Carolina State University,,,,,,,,,0
Katharine Berkoff,North Carolina State University,60,4,,,,,,,60
Katelyn Cook,North Carolina State University,,,,,,,,,0
Madelyn Flickinger,North Carolina State University,,,,,,,,,0
Katharine Foley,North Carolina State University,47,3,,,,,,,47
Elle Giesler,North Carolina State University,,,,,,,,,0
Faith Hefner,North Carolina State University,,,,,,,,,0
Abigail Kriegler,North Carolina State University,,,,,,,,,0
Heather MacCausland,North Carolina State University,48,3,,,,,,,48
Katelyn Mack,North Carolina State University,33,3,,,,,,,33
Madelaine Smith,North Carolina State University,,,,,,,,,0
Helene Synnott,North Carolina State University,13,3,,,,,,,13
Parker Timken,North Carolina State University,,,,,,,,,0
Angela Algee,University of Miami (Florida),6,3,27,3,40,3,30,3,103
Heather Arseth,University of Miami (Florida),,,,,0,4,0,3,0
Cheyenne Cousineau,University of Miami (Florida),,,73,3,75,3,,,148
Cameron Davis,University of Miami (Florida),11,3,21,3,7,3,9,3,48
My Fridell,University of Miami (Florida),,,24,3,2,3,9,3,35
Alejandra Gonzalez,University of Miami (Florida),,,0,3,0,3,0,3,0
Lindsay Lester,University of Miami (Florida),,,,,27,2,,,27
Kara McCormack,University of Miami (Florida),,,80,3,,,35,2,115
Meghan Murphy,University of Miami (Florida),,,,,0,3,0,3,0
Katherine Nicholson,University of Miami (Florida),,,,,0,3,,,0
Madison Qualy,University of Miami (Florida),,,0,4,0,3,,,0
Anna Schippert,University of Miami (Florida),3,3,12,3,19,3,0,3,34
Tiffany Sudarma,University of Miami (Florida),0,3,,,,,,,0
Thea Vock,University of Miami (Florida),,,,,44,2,56,2,100
Amy Wiley,University of Miami (Florida),0,3,8,3,,,,,8
Katherine Daniels,University of Miami (Florida),,,,,,,,,0
Cynthia Hoppler,University of Miami (Florida),,,,,,,,,0
Jessica Hurley,University of Miami (Florida),0,3,,,0,2,0,2,0
Rebeka Repman,University of Miami (Florida),0,3,0,3,,,,,0
Julie Suarez,University of Miami (Florida),6,5,1,3,24,3,,,31
Tal Tahori,University of Miami (Florida),,,,,,,0,3,0
Ksenia Yuskova,University of Miami (Florida),17,4,21,3,,,,,38
Ianire Casarin,University of Miami (Florida),7,3,0,3,,,,,7
Carolyn Chaney,University of Miami (Florida),49,2,,,2,2,,,51
Sophia Dal Porto,University of Miami (Florida),0,3,0,3,,,,,0
Madison Emery,University of Miami (Florida),0,3,0,3,,,,,0
Christina Leander,University of Miami (Florida),,,,,21,4,0,4,21
Marcela Maric,University of Miami (Florida),,,54,2,12,2,,,66
Katherine Sickinger,University of Miami (Florida),0,3,0,3,0,3,0,3,0
Sydney Story,University of Miami (Florida),0,3,0,3,0,3,0,3,0
Roxanne Yu,University of Miami (Florida),4,3,4,2,0,3,0,3,8
LEAH BROWN,University of Miami (Florida),0,3,,,,,,,0
Claire McGinnis,University of Miami (Florida),0,3,0,3,6,3,0,3,6
Chantal Noe,University of Miami (Florida),0,3,,,,,,,0
Iliana OIKONOMOU,University of Miami (Florida),,,,,,,,,0
Manon Viguier,University of Miami (Florida),7,3,5,4,0,3,0,3,12
Alicia Blagg,University of Miami (Florida),,,45,2,64,2,,,109
Laurynn Harvard,University of Miami (Florida),,,,,,,,,0
Jacklyn Kleinsorgen,University of Miami (Florida),0,3,,,,,,,0
Sydney Knapp,University of Miami (Florida),0,3,0,3,0,3,,,0
Andrea Kyriakidis,University of Miami (Florida),24,3,,,,,,,24
Carmen San Nicolas Martinez,University of Miami (Florida),0,3,0,3,0,3,,,0
Chandler Sensibaugh,University of Miami (Florida),0,3,0,3,0,3,,,0
Alaina Skellett,University of Miami (Florida),0,3,0,4,13,4,,,13
Maria Artigas Fernandez,University of Miami (Florida),0,3,,,,,,,0
Millie Haffety,University of Miami (Florida),25,2,14,2,,,,,39
Chloe Hull,University of Miami (Florida),,,,,,,,,0
Madeline Lauther,University of Miami (Florida),0,3,0,3,,,,,0
Zorryonna Mason,University of Miami (Florida),28,4,40,4,,,,,68
Grace McGinnis,University of Miami (Florida),0,4,,,,,,,0
Emily Weissman,University of Miami (Florida),0,3,,,,,,,0
Jessie Creed,University of Miami (Florida),27,3,,,,,,,27
Una Forsythe,University of Miami (Florida),0,3,,,,,,,0
Aino Otava,University of Miami (Florida),0,2,,,,,,,0
Nicole Sowell,University of Miami (Florida),0,3,,,,,,,0
Andrea Todorovic,University of Miami (Florida),0,3,,,,,,,0
Isabel Traba,University of Miami (Florida),0,3,,,,,,,0
Mia Vall,University of Miami (Florida),22,2,,,,,,,22
Carolyn Blalock,"University of North Carolina, Chapel Hill",,,,,86,3,,,86
Madison Burns,"University of North Carolina, Chapel Hill",,,,,53,3,21,3,74
Rachel Canty,"University of North Carolina, Chapel Hill",,,,,,,,,0
Liliana Casso,"University of North Carolina, Chapel Hill",,,,,,,14,3,14
Kelly Corish,"University of North Carolina, Chapel Hill",,,,,18,3,,,18
Lauren Earp,"University of North Carolina, Chapel Hill",,,62,3,47,3,57,3,166
Abigail Fisher,"University of North Carolina, Chapel Hill",34,3,,,54,3,34,3,122
Annie Goessling,"University of North Carolina, Chapel Hill",,,,,,,,,0
Allyn Hardesty,"University of North Carolina, Chapel Hill",,,58,3,72,3,61,3,191
Annie Harrison,"University of North Carolina, Chapel Hill",,,53,3,,,51,3,104
Allison Haufler,"University of North Carolina, Chapel Hill",,,,,,,,,0
Sarah Hitchens,"University of North Carolina, Chapel Hill",31,3,59,3,55,3,70,3,215
Meredith Hoover,"University of North Carolina, Chapel Hill",,,,,71,3,,,71
Catherine Hulsey,"University of North Carolina, Chapel Hill",,,,,,,65,4,65
Danielle Jansen,"University of North Carolina, Chapel Hill",,,,,,,,,0
Sarah Koucheki,"University of North Carolina, Chapel Hill",30,3,36,3,39,3,54,3,159
Hannah Lincoln,"University of North Carolina, Chapel Hill",,,52,3,60,3,,,112
Katlyn McKay,"University of North Carolina, Chapel Hill",,,,,,,,,0
Hellen Moffitt,"University of North Carolina, Chapel Hill",31,3,78,4,82,3,87,3,278
Catherine Munch,"University of North Carolina, Chapel Hill",,,,,,,3,3,3
Emma Nunn,"University of North Carolina, Chapel Hill",,,73,3,78,3,74,3,225
Stephanie Peacock,"University of North Carolina, Chapel Hill",,,,,82,3,,,82
Emily Pfeiffer,"University of North Carolina, Chapel Hill",,,,,24,3,38,3,62
Erin Purdy,"University of North Carolina, Chapel Hill",,,20,3,,,,,20
Katherine Rechsteiner,"University of North Carolina, Chapel Hill",,,,,48,3,,,48
Kathryn Rhyne,"University of North Carolina, Chapel Hill",,,,,,,,,0
Natalie Ritter,"University of North Carolina, Chapel Hill",,,,,,,,,0
Hannah Runyon-Hass,"University of North Carolina, Chapel Hill",,,,,45,3,47,3,92
Emily Schmidt,"University of North Carolina, Chapel Hill",,,,,,,,,0
Danielle Siverling,"University of North Carolina, Chapel Hill",,,,,79,3,79,3,158
Carly Smith,"University of North Carolina, Chapel Hill",,,,,,,46,4,46
Kendall Surhoff,"University of North Carolina, Chapel Hill",,,,,,,,,0
Caroline Baldwin,"University of North Carolina, Chapel Hill",67,3,68,4,82,4,84,4,301
Megan Bestor,"University of North Carolina, Chapel Hill",51,3,,,,,,,51
Madison Boswell,"University of North Carolina, Chapel Hill",,,29,3,,,9,3,38
Elissa Dawson,"University of North Carolina, Chapel Hill",41,3,80,3,76,3,37,2,234
Kathryn Ford,"University of North Carolina, Chapel Hill",,,,,3,3,,,3
Emily Slabe,"University of North Carolina, Chapel Hill",,,13,3,24,3,5,3,42
Michole Timm,"University of North Carolina, Chapel Hill",,,,,,,68,3,68
Macey Arnold,"University of North Carolina, Chapel Hill",,,,,26,3,57,3,83
Kali Becker,"University of North Carolina, Chapel Hill",,,,,,,,,0
Kathryn Boyer,"University of North Carolina, Chapel Hill",,,,,,,,,0
Robyn Dryer,"University of North Carolina, Chapel Hill",12,3,,,29,3,27,3,68
Zhada Fields,"University of North Carolina, Chapel Hill",,,0,3,46,3,48,3,94
Maria Lohman,"University of North Carolina, Chapel Hill",36,3,39,3,69,3,39,3,183
Andi Mack,"University of North Carolina, Chapel Hill",,,,,,,,,0
Sara Maleski,"University of North Carolina, Chapel Hill",,,,,,,,,0
Qian Pang,"University of North Carolina, Chapel Hill",,,,,,,,,0
Brooke Bauer,"University of North Carolina, Chapel Hill",14,3,17,3,14,3,,,45
Bryanna Cameron,"University of North Carolina, Chapel Hill",31,3,48,3,51,3,50,3,180
Meghan Dupay,"University of North Carolina, Chapel Hill",,,,,,,,,0
Susanna LaRochelle,"University of North Carolina, Chapel Hill",24,3,18,3,,,,,42
Kylie Mihok,"University of North Carolina, Chapel Hill",,,,,,,,,0
Eireni Moshos,"University of North Carolina, Chapel Hill",1,3,,,,,,,1
Natalie Ward,"University of North Carolina, Chapel Hill",,,,,,,,,0
Erica Wirth,"University of North Carolina, Chapel Hill",,,,,,,,,0
Madeline Baker,"University of North Carolina, Chapel Hill",,,,,,,,,0
Sydney Baker,"University of North Carolina, Chapel Hill",12,4,,,,,,,12
Emma Cole,"University of North Carolina, Chapel Hill",7,3,5,3,59,3,,,71
Caroline Guice,"University of North Carolina, Chapel Hill",,,,,,,,,0
Caroline Hauder,"University of North Carolina, Chapel Hill",60,4,55,4,74,3,,,189
Taylor Hockenberry,"University of North Carolina, Chapel Hill",,,,,7,3,,,7
Emma Layton,"University of North Carolina, Chapel Hill",,,,,,,,,0
Emma McPeeters,"University of North Carolina, Chapel Hill",,,,,,,,,0
Brooke Perrotta,"University of North Carolina, Chapel Hill",43,3,,,,,,,43
Allyson Reiter,"University of North Carolina, Chapel Hill",30,3,21,3,32,3,,,83
Madeline Smith,"University of North Carolina, Chapel Hill",,,4,3,,,,,4
Mary Soule,"University of North Carolina, Chapel Hill",10,3,18,3,12,3,,,40
Sabrina Bunar,"University of North Carolina, Chapel Hill",3,2,,,,,,,3
Grace Countie,"University of North Carolina, Chapel Hill",35,4,57,4,,,,,92
Emily Grund,"University of North Carolina, Chapel Hill",66,3,64,3,,,,,130
Lillian Higgs,"University of North Carolina, Chapel Hill",40,3,39,3,,,,,79
Sophie Lindner,"University of North Carolina, Chapel Hill",9,4,56,3,,,,,65
Heidi Lowe,"University of North Carolina, Chapel Hill",0,4,7,3,,,,,7
Virginia Marsh,"University of North Carolina, Chapel Hill",,,,,1,3,,,1
Paige Burrell,"University of North Carolina, Chapel Hill",21,3,,,,,,,21
Caroline Cooper,"University of North Carolina, Chapel Hill",,,,,,,,,0
Amy Dragelin,"University of North Carolina, Chapel Hill",10,3,,,,,,,10
Allison Goldblatt,"University of North Carolina, Chapel Hill",,,,,,,,,0
Rabea Pfaff,"University of North Carolina, Chapel Hill",,,,,,,,,0
Gracyn Segard,"University of North Carolina, Chapel Hill",21,3,,,,,,,21
Elizabeth Vannote,"University of North Carolina, Chapel Hill",35,3,,,,,,,35
Claire Walsh,"University of North Carolina, Chapel Hill",,,,,,,,,0
Molly Barry,University of Notre Dame,5,3,6,3,,,,,11
Suzanne Bessire,University of Notre Dame,,,,,,,,,0
Hannah Bowen,University of Notre Dame,,,,,,,,,0
Genevieve Bradford,University of Notre Dame,,,22,3,21,3,24,3,67
Allison Casareto,University of Notre Dame,,,,,41,3,41,3,82
Bridget Casey,University of Notre Dame,,,,,44,3,15,3,59
Sarah Dotzel,University of Notre Dame,,,,,,,,,0
Erin Foley,University of Notre Dame,,,,,,,4,3,4
Emma Gaboury,University of Notre Dame,,,34,3,22,3,56,3,112
Catherine Galletti,University of Notre Dame,,,,,43,4,6,3,49
Sydney Golic,University of Notre Dame,,,,,,,,,0
Anna Grainger,University of Notre Dame,,,,,,,,,0
Genevieve Heidkamp,University of Notre Dame,,,12,3,,,,,12
Elizabeth House,University of Notre Dame,,,,,,,,,0
Danielle Margheret,University of Notre Dame,9,3,34,3,28,3,1,3,72
Mikelle Masciantonio,University of Notre Dame,,,,,,,,,0
Christen McDonough,University of Notre Dame,,,,,38,3,,,38
Katelyn Miller,University of Notre Dame,59,3,40,3,6,3,21,3,126
Catherine Mulquin,University of Notre Dame,15,4,32,3,24,4,39,4,110
Emma Reaney,University of Notre Dame,,,,,96,4,60,5,156
Kelly Ryan,University of Notre Dame,,,,,39,4,,,39
melissa scott,University of Notre Dame,,,,,11,3,,,11
Lauren Stauder,University of Notre Dame,,,,,23,3,,,23
Christine Stitcher,University of Notre Dame,,,6,3,,,,,6
Lindsey Streepey,University of Notre Dame,,,53,3,56,3,60,3,169
Courtney Whyte,University of Notre Dame,,,,,40,3,32,3,72
Anne Crea,University of Notre Dame,,,16,3,,,,,16
Mary Hinton,University of Notre Dame,,,,,,,,,0
Sherri McIntee,University of Notre Dame,8,3,0,3,26,3,,,34
Cree Stitcher,University of Notre Dame,,,,,,,,,0
Alyssa Storino,University of Notre Dame,,,12,3,5,3,,,17
Gaboury Streepey,University of Notre Dame,,,,,,,,,0
Molly Treble,University of Notre Dame,9,3,6,3,34,3,25,3,74
Ellen Berdusco,University of Notre Dame,,,,,,,9,3,9
Nicole Emery,University of Notre Dame,,,,,,,,,0
Paige Kaplan,University of Notre Dame,,,,,,,,,0
Ella Moynihan,University of Notre Dame,25,3,,,,,,,25
Meaghan O'Donnell,University of Notre Dame,8,3,43,3,28,3,17,3,96
Tayde Revilak Fonseca,University of Notre Dame,,,,,,,,,0
Kyra Sarazen,University of Notre Dame,38,3,13,3,27,3,36,3,114
Nicole Smith,University of Notre Dame,12,2,33,3,44,3,60,3,149
Lindsay Sreepey,University of Notre Dame,,,,,,,,,0
Alice Treuth,University of Notre Dame,35,3,46,3,42,3,38,3,161
Rebecca Walton,University of Notre Dame,,,6,3,,,,,6
Deidre Worth,University of Notre Dame,3,3,,,,,,,3
Claire Andrews,University of Notre Dame,5,3,13,3,,,31,3,49
Claire DeSelm,University of Notre Dame,,,,,,,,,0
Abigail Dolan,University of Notre Dame,,,,,,,,,0
Lauren Heller,University of Notre Dame,11,3,15,3,22,3,17,3,65
Erin Isola,University of Notre Dame,1,3,34,3,49,3,28,3,112
Kelly Jacob,University of Notre Dame,,,,,,,,,0
Carolyn Kammeyer,University of Notre Dame,,,,,,,,,0
Reilly Lanigan,University of Notre Dame,11,3,,,,,12,3,23
Katherine Rentz,University of Notre Dame,,,17,3,,,6,3,23
Erin Sheehan,University of Notre Dame,47,3,17,3,18,3,6,3,88
Mary Smith,University of Notre Dame,11,3,,,,,,,11
Samantha Steigerwald,University of Notre Dame,,,,,,,,,0
Skylar Fore,University of Notre Dame,14,3,12,3,,,,,26
Abigail German,University of Notre Dame,,,,,,,,,0
Cailey Grunhard,University of Notre Dame,11,3,9,4,7,3,,,27
Kate McCahan,University of Notre Dame,,,,,,,,,0
Carly Quast,University of Notre Dame,45,3,56,4,41,4,,,142
Lindsay Stone,University of Notre Dame,47,3,27,3,25,3,,,99
Kelly Straub,University of Notre Dame,40,3,50,3,49,3,,,139
Rachel Wittmer,University of Notre Dame,,,,,,,,,0
Catherine Brennan,University of Notre Dame,,,,,,,,,0
Sinead Eksteen,University of Notre Dame,44,3,,,,,,,44
Samantha Eyolfson,University of Notre Dame,,,,,,,,,0
Madeline LaPorte,University of Notre Dame,14,3,23,3,,,,,37
Sarah Nicholls,University of Notre Dame,,,,,,,,,0
Bayley Stewart,University of Notre Dame,37,3,26,3,,,,,63
Tegan Sweeney,University of Notre Dame,,,,,,,,,0
Luciana Thomas,University of Notre Dame,65,3,70,3,,,,,135
Annie Wiese,University of Notre Dame,24,3,43,3,,,,,67
Sarah Boyle,University of Notre Dame,,,,,,,,,0
ELIZABETH FRY,University of Notre Dame,17,3,,,,,,,17
Coleen Gillilan,University of Notre Dame,73,3,,,,,,,73
Samantha Gillis,University of Notre Dame,,,,,,,,,0
Meaghan Lyons,University of Notre Dame,,,,,,,,,0
Madison Potter,University of Notre Dame,,,,,,,,,0
Sydney Winters,University of Notre Dame,,,,,,,,,0
Emily Bolek,University of Pittsburgh,,,,,,,3,4,3
Victoria Brungo,University of Pittsburgh,,,,,,,,,0
Kinga Cichowska,University of Pittsburgh,14,3,39,3,46,3,12,3,111
Kimberly Ciotti,University of Pittsburgh,,,,,,,,,0
Danielle des Tombe,University of Pittsburgh,,,,,23,4,5,3,28
Renee Deschenes,University of Pittsburgh,,,,,,,,,0
Bethany Dewitt,University of Pittsburgh,,,19,3,15,3,4,3,38
Camille Dixon,University of Pittsburgh,,,,,12,3,23,3,35
Catherine Dunseith,University of Pittsburgh,,,,,,,,,0
Margaret Feltman,University of Pittsburgh,,,,,,,,,0
Amanda Ford,University of Pittsburgh,,,,,,,,,0
julie harrison,University of Pittsburgh,,,,,15,3,,,15
Alexandra Iwanicki,University of Pittsburgh,,,,,,,,,0
Veronica Lee,University of Pittsburgh,,,,,32,3,,,32
Christina Lisella,University of Pittsburgh,,,,,,,,,0
Madeline Marcelle,University of Pittsburgh,,,,,,,,,0
Lauren Matevish,University of Pittsburgh,,,,,11,3,,,11
Mackenzie Meixner,University of Pittsburgh,,,0,3,0,4,,,0
Lauren Mills,University of Pittsburgh,,,,,0,3,,,0
Jessica Nederlanden,University of Pittsburgh,,,,,0,3,,,0
Melissa Pocsai,University of Pittsburgh,,,,,0,3,0,3,0
Kaleigh Ritter,University of Pittsburgh,,,41,3,52,3,37,3,130
Lindsey Rodenkirk,University of Pittsburgh,,,,,,,,,0
Tatyanna Sarjeant,University of Pittsburgh,,,,,38,3,10,3,48
Rachel Saunders,University of Pittsburgh,21,3,2,3,,,0,3,23
Alec Sheaffer,University of Pittsburgh,,,,,,,,,0
Athena Summa,University of Pittsburgh,5,3,2,3,0,3,0,3,7
Leigh Waltz,University of Pittsburgh,,,,,,,,,0
Brooke Waugaman,University of Pittsburgh,,,,,3,3,,,3
Blair Wegescheide,University of Pittsburgh,,,16,4,28,4,9,4,53
Madeline Wells,University of Pittsburgh,,,,,,,,,0
Kelsey Williams,University of Pittsburgh,,,,,,,,,0
Samantha Winkelmann,University of Pittsburgh,,,12,3,,,0,2,12
Charlene Yuan,University of Pittsburgh,,,,,0,3,0,3,0
Sarah Zetlmeisl,University of Pittsburgh,,,,,,,,,0
Katriona Blezy,University of Pittsburgh,,,,,,,,,0
Mary Blocher,University of Pittsburgh,,,,,,,,,0
Katherine Fernander,University of Pittsburgh,29,3,20,3,9,3,,,58
Danyel Johnson,University of Pittsburgh,,,,,5,3,6,3,11
Leticia Lelli,University of Pittsburgh,,,,,3,4,0,4,3
Emily Lyons,University of Pittsburgh,,,,,,,,,0
Emily Murphy,University of Pittsburgh,0,3,11,3,0,4,,,11
Amanda Richey,University of Pittsburgh,40,3,31,3,68,3,64,3,203
Rachel Sauders,University of Pittsburgh,,,,,,,,,0
Meredith Sharp,University of Pittsburgh,33,3,69,3,51,3,45,3,198
Tia VanLandeghem,University of Pittsburgh,,,,,,,,,0
Jennifer Young,University of Pittsburgh,,,,,,,,,0
Samantha Baird,University of Pittsburgh,,,,,,,,,0
Rachel Brown,University of Pittsburgh,0,3,0,3,14,3,12,3,26
Kirsten Groff,University of Pittsburgh,,,,,,,,,0
Meghan Joram,University of Pittsburgh,0,3,,,0,3,0,3,0
Allison Murslack,University of Pittsburgh,,,,,,,0,3,0
Cheyanne Neuenschwander,University of Pittsburgh,,,6,3,,,,,6
Madison Thomas,University of Pittsburgh,0,3,0,3,0,3,,,0
Hannah Wittman,University of Pittsburgh,0,3,,,,,,,0
HANNAH BUMGARNER,University of Pittsburgh,,,,,,,,,0
Lisa Coe,University of Pittsburgh,,,,,,,,,0
Cameryn Cook,University of Pittsburgh,,,,,,,,,0
KATHERINE COOPER,University of Pittsburgh,,,,,,,,,0
Colleen Daday,University of Pittsburgh,3,3,0,3,7,3,,,10
Valerie Daigneault,University of Pittsburgh,7,4,25,5,32,5,39,4,103
Sarah Giamber,University of Pittsburgh,24,3,4,3,35,3,10,3,73
Jacqueline Hendrix,University of Pittsburgh,,,0,3,0,4,0,3,0
Shannon Hochkeppel,University of Pittsburgh,0,3,2,4,0,3,,,2
Krista Jones,University of Pittsburgh,0,3,7,3,4,3,20,3,31
Madeline Paradkar,University of Pittsburgh,,,,,,,,,0
Lina Rathsack,University of Pittsburgh,,,,,70,3,54,3,124
Madelyn Shaffer,University of Pittsburgh,0,3,15,3,17,3,34,3,66
Cortnee Williams,University of Pittsburgh,,,,,,,,,0
Ashley Azzarello,University of Pittsburgh,,,,,,,,,0
Maura Fagan,University of Pittsburgh,,,,,,,,,0
Lisa Gwennap,University of Pittsburgh,,,,,,,,,0
KAYLEE HOLLENBACH,University of Pittsburgh,,,,,,,,,0
Samantha Howe,University of Pittsburgh,0,3,,,,,,,0
Kathleen Lynch,University of Pittsburgh,0,3,0,3,0,3,,,0
Shahar Menahem,University of Pittsburgh,14,3,0,3,1,3,,,15
Katherine Miller,University of Pittsburgh,,,,,,,,,0
Allison Ramirez,University of Pittsburgh,,,,,,,,,0
Lydia Rosenthall,University of Pittsburgh,46,3,,,,,,,46
Barbara Schmele,University of Pittsburgh,,,0,3,0,3,0,3,0
Kailyn Swantek,University of Pittsburgh,,,0,2,0,3,,,0
Serena Buchwald,University of Pittsburgh,,,24,3,,,,,24
Alyssa Conley,University of Pittsburgh,,,,,,,,,0
Dakota Elliott,University of Pittsburgh,10,3,7,3,,,,,17
Camryn Forbes,University of Pittsburgh,,,7,4,0,3,,,7
Kendall Goit,University of Pittsburgh,,,,,,,,,0
Daria Hatter,University of Pittsburgh,,,,,,,,,0
Lauren Kelly,University of Pittsburgh,0,3,,,,,,,0
MADISON NALLS,University of Pittsburgh,2,3,7,3,,,,,9
Isabella Ratino,University of Pittsburgh,,,,,,,,,0
Amy Read,University of Pittsburgh,22,3,46,3,,,,,68
Megan Schimansky,University of Pittsburgh,,,,,,,,,0
Daisy Anderson,University of Pittsburgh,5,3,,,,,,,5
Tatum Detwiler,University of Pittsburgh,0,3,,,,,,,0
Kate Fuhrmann,University of Pittsburgh,2,3,,,,,,,2
Ali Giuliani,University of Pittsburgh,,,,,,,,,0
Meredith Gould,University of Pittsburgh,,,,,,,,,0
Kayla Graham,University of Pittsburgh,0,3,,,,,,,0
Alexandra Marlow,University of Pittsburgh,,,,,,,,,0
Jilian Schulte,University of Pittsburgh,,,,,,,,,0
Emma Wilson,University of Pittsburgh,,,,,,,,,0
Courtney Bartholomew,University of Virginia,,,84,4,91,4,96,4,271
Hanne Borgersen,University of Virginia,,,76,3,76,3,73,3,225
Shaun Casey,University of Virginia,,,,,73,3,41,3,114
Meredith Cavalier,University of Virginia,,,,,,,31,3,31
Charlotte Clarke,University of Virginia,,,,,58,3,,,58
Rebecca Corbett,University of Virginia,,,,,29,3,52,3,81
Emily Dicus,University of Virginia,,,,,,,40,3,40
Haley Durmer,University of Virginia,,,72,3,38,3,66,3,176
Riley Flanagan,University of Virginia,,,,,,,,,0
Morgan Flynn,University of Virginia,,,,,,,,,0
Laura Gartrell,University of Virginia,,,,,,,,,0
Audrey Gould,University of Virginia,,,,,,,,,0
Alison Haulsee,University of Virginia,,,,,70,3,58,3,128
Samantha James,University of Virginia,,,,,,,,,0
Kaitlyn Jones,University of Virginia,73,3,81,4,91,3,88,3,333
Caroline Kenney,University of Virginia,,,,,78,3,,,78
Hope Kerpelman,University of Virginia,,,,,,,,,0
Emily Lloyd,University of Virginia,,,,,57,3,,,57
Kelly Lloyd,University of Virginia,,,,,,,,,0
Natalie Martin,University of Virginia,,,42,3,20,3,25,3,87
Erin McElfresh,University of Virginia,,,,,,,,,0
Rachel Moore,University of Virginia,,,,,,,,,0
Jane Munro,University of Virginia,,,,,,,,,0
Rachel Naurath,University of Virginia,,,,,,,,,0
Dana Nessler,University of Virginia,,,,,,,,,0
Kelly Offutt,University of Virginia,,,,,57,3,42,3,99
Hillary Petersen,University of Virginia,,,,,,,,,0
Shannon Rauth,University of Virginia,44,3,27,3,52,3,33,3,156
Kaleigh Rosenburg,University of Virginia,,,,,,,,,0
Laura Simon,University of Virginia,63,3,67,3,65,3,60,3,255
Madeline Smart,University of Virginia,,,,,,,,,0
Leah Smith,University of Virginia,92,3,96,3,92,3,92,3,372
Carlin Tettelbach,University of Virginia,,,,,,,,,0
Carlin Tettlebach,University of Virginia,,,,,,,,,0
Ellen Thomas,University of Virginia,42,3,60,3,71,3,53,3,226
Katherine Warburg,University of Virginia,,,21,3,,,21,3,42
Ellen Williamson,University of Virginia,,,,,82,3,73,3,155
Holland Cathey,University of Virginia,,,,,,,,,0
Caitlin Cooper,University of Virginia,31,3,34,3,49,3,65,3,179
Jessie Gvozdas,University of Virginia,,,,,,,,,0
Corey Johnson,University of Virginia,,,,,0,3,27,3,27
Brodde Lamb,University of Virginia,,,,,,,,,0
Helen Lamb,University of Virginia,,,,,,,,,0
Emily Langworthy,University of Virginia,,,,,,,,,0
Jennifer Marrkand,University of Virginia,70,3,72,3,79,4,80,3,301
Salem Peacock,University of Virginia,,,,,,,,,0
Laine Reed,University of Virginia,,,,,18,3,71,3,89
Dina Rommel,University of Virginia,,,,,,,23,3,23
Cecilia Williams,University of Virginia,47,3,44,3,49,3,53,3,193
Peyton Baldwin,University of Virginia,,,,,,,,,0
Julia Durmer,University of Virginia,,,,,,,,,0
Eryn Eddy,University of Virginia,44,3,40,3,57,3,53,3,194
Megan Moroney,University of Virginia,,,,,,,77,3,77
Kirsten Parkinson,University of Virginia,,,9,3,,,,,9
Rachel Politi,University of Virginia,,,50,3,27,3,,,77
Kasey Schmidt,University of Virginia,,,,,,,,,0
Sara Stranick,University of Virginia,,,13,3,,,,,13
Vivian Tafuto,University of Virginia,39,3,64,3,42,3,34,3,179
Kylie Towbin,University of Virginia,17,3,71,3,48,3,54,3,190
Anna Dickinson,University of Virginia,,,,,,,,,0
Sydney Dusel,University of Virginia,31,3,50,3,61,3,70,3,212
Morgan Hill,University of Virginia,26,3,68,3,92,4,88,3,274
Bailey Mills,University of Virginia,,,,,,,,,0
Mary Pelton,University of Virginia,,,,,,,,,0
Mary Tansill,University of Virginia,33,3,,,28,3,,,61
Madeleine Vonderhaar,University of Virginia,17,3,,,,,,,17
Erin Earley,University of Virginia,59,3,,,51,3,,,110
Caroline Gmelich,University of Virginia,,,48,4,63,4,,,111
Paige Madden,University of Virginia,77,3,82,3,96,3,,,255
Marcella Maguire,University of Virginia,29,3,37,3,36,3,,,102
Anna Pang,University of Virginia,54,3,44,3,,,,,98
Jocelyn Porter,University of Virginia,,,,,,,,,0
Abigail Richter,University of Virginia,74,4,67,3,81,3,,,222
Emma Seiberlich,University of Virginia,43,3,60,3,58,3,,,161
Kyla Valls,University of Virginia,34,3,41,3,47,3,,,122
Carter Bristow,University of Virginia,,,,,,,,,0
Emma Bulger,University of Virginia,,,,,,,,,0
Mary Christensen,University of Virginia,39,3,,,,,,,39
Julia Eskew,University of Virginia,,,,,,,,,0
Julia Menkhaus,University of Virginia,53,3,32,3,,,,,85
Jessica Nava,University of Virginia,44,3,50,3,,,,,94
Sophie Skinner,University of Virginia,,,,,,,,,0
Alexis Wenger,University of Virginia,44,3,56,3,,,,,100
Jennifer Bell,University of Virginia,,,,,,,,,0
Charlotte Bowen,University of Virginia,,,,,,,,,0
Ella Collins,University of Virginia,,,,,,,,,0
Kaitlyn Cronin,University of Virginia,,,,,,,,,0
Alexa Cuomo,University of Virginia,68,3,,,,,,,68
Madelyn Donohoe,University of Virginia,54,3,,,,,,,54
Katherine Douglass,University of Virginia,91,5,,,,,,,91
Caroline Kulp,University of Virginia,,,,,,,,,0
Margaret Nelson,University of Virginia,82,3,,,,,,,82
Kalyea Arnett,Virginia Tech,,,,,91,3,91,3,182
England Barimo,Virginia Tech,,,,,,,,,0
Katherine Bean,Virginia Tech,,,,,,,,,0
Gabrielle Bishop,Virginia Tech,,,18,3,20,3,4,3,42
Brittany Boone,Virginia Tech,,,,,,,,,0
Ashley Buchter,Virginia Tech,51,3,58,3,,,12,3,121
Lauren Buckworth,Virginia Tech,,,,,,,,,0
Caroline Buscaglia,Virginia Tech,,,,,,,,,0
Natalie Cronk,Virginia Tech,,,,,,,,,0
Auriane de Premilhat,Virginia Tech,,,,,6,3,1,3,7
Fiona Donnelly,Virginia Tech,53,3,60,4,55,3,68,3,236
Aubree Duncan,Virginia Tech,,,,,,,,,0
Matty Ferguson,Virginia Tech,,,,,,,,,0
Katarina Filova,Virginia Tech,,,,,,,40,3,40
Katie Gillespie,Virginia Tech,,,,,,,,,0
Margaret Gruber,Virginia Tech,,,,,,,40,3,40
Holland Harper,Virginia Tech,,,60,3,52,3,28,3,140
Jessica Hespeler,Virginia Tech,24,2,66,3,68,3,81,3,239
Caroline Higgins,Virginia Tech,,,,,,,,,0
Jayme Katis,Virginia Tech,,,,,,,,,0
Blaire Kinsey,Virginia Tech,,,,,29,3,27,3,56
Natalie Leake,Virginia Tech,,,,,,,,,0
Weronika Paluszek,Virginia Tech,,,54,3,51,3,54,3,159
Margaret Parcell,Virginia Tech,,,,,14,3,,,14
Leah Piemonte,Virginia Tech,,,,,2,3,0,3,2
Katie Rogers,Virginia Tech,,,,,,,,,0
Natalee Roseberry,Virginia Tech,,,,,,,,,0
Emily Ryczek,Virginia Tech,,,,,,,,,0
Laura Schwartz,Virginia Tech,18,3,35,3,19,3,33,3,105
Rachel Sepanski,Virginia Tech,,,,,27,3,,,27
Mackenzie Stewart,Virginia Tech,,,37,3,51,3,34,3,122
Kelli Stockton,Virginia Tech,,,,,63,3,66,3,129
Alyssa Bodin,Virginia Tech,,,,,23,3,,,23
Alice Boutant,Virginia Tech,,,,,8,3,,,8
Adriana Grabski,Virginia Tech,15,3,9,3,14,3,25,2,63
Kelly Henry,Virginia Tech,,,,,20,3,,,20
Klaudia Nazieblo,Virginia Tech,79,4,81,5,79,4,65,4,304
Savannah Padgett,Virginia Tech,,,,,,,,,0
Madalyn Ulrich,Virginia Tech,,,,,4,3,,,4
Emma Villareal,Virginia Tech,,,,,,,28,3,28
Logan Williams,Virginia Tech,,,,,,,,,0
Jessica Arnold,Virginia Tech,15,4,,,,,,,15
Danielle Griggs,Virginia Tech,,,0,3,12,3,0,3,12
Abigail Jones,Virginia Tech,,,,,,,,,0
Sydney Pesetti,Virginia Tech,2,3,0,3,,,,,2
Ashlynn Peters,Virginia Tech,32,3,68,3,77,3,35,3,212
Leah Rogers,Virginia Tech,,,5,3,16,3,3,3,24
Madison Rylee,Virginia Tech,,,,,,,,,0
Abigail Stone,Virginia Tech,,,,,,,,,0
Jenna Beattie,Virginia Tech,12,3,11,3,5,3,6,3,34
Baillie Cameron,Virginia Tech,,,,,,,,,0
Caroline DeJager,Virginia Tech,,,,,,,,,0
Miranda Eberle,Virginia Tech,6,3,22,3,,,,,28
Reka Gyorgy,Virginia Tech,78,3,54,4,63,3,,,195
Chloe Hicks,Virginia Tech,33,3,30,3,,,,,63
Sydney Kirsch,Virginia Tech,,,,,,,,,0
Grace Kowal,Virginia Tech,15,3,32,3,,,,,47
Eleanor Matheson,Virginia Tech,0,3,29,3,2,3,,,31
Kayla Purcell,Virginia Tech,,,,,7,3,12,3,19
Margarita Ryan,Virginia Tech,,,,,2,3,5,3,7
Erin Scott,Virginia Tech,,,,,,,11,2,11
HANNAH WILDING,Virginia Tech,,,,,,,,,0
Abigail Andrusin,Virginia Tech,,,6,3,,,,,6
Jessica Beattie,Virginia Tech,,,,,,,,,0
Emily Meilus,Virginia Tech,11,3,9,4,18,2,,,38
Nicole Pape,Virginia Tech,,,,,,,,,0
Molly Sheffield,Virginia Tech,,,1,3,,,,,1
Heather Sigmon,Virginia Tech,,,,,,,,,0
Joelle Vereb,Virginia Tech,27,3,66,4,58,3,,,151
Regan Westwood,Virginia Tech,,,,,5,3,,,5
Maya Atkins,Virginia Tech,,,,,,,,,0
Julia Bruneau,Virginia Tech,0,3,,,,,,,0
Jennifer Hauser,Virginia Tech,,,,,,,,,0
Annalee Johnson,Virginia Tech,,,,,,,,,0
Anna Landon,Virginia Tech,2,3,4,3,,,,,6
Abby Larson,Virginia Tech,0,3,,,,,,,0
Brooke Leftwich,Virginia Tech,15,3,,,,,,,15
Teagan Moravek,Virginia Tech,16,3,44,3,,,,,60
Isabel Mroz,Virginia Tech,,,6,3,,,,,6
Lara Siebrecht,Virginia Tech,,,,,,,,,0
Alexandra Slayton,Virginia Tech,,,,,,,,,0
Loulou Vos,Virginia Tech,31,3,32,3,,,,,63
Mary Burt,Virginia Tech,,,,,,,,,0
Grace Cutrell,Virginia Tech,,,,,,,,,0
Caroline De Jager,Virginia Tech,,,,,,,,,0
Karisa Franz,Virginia Tech,,,,,,,,,0
Hannah Jirsa,Virginia Tech,,,,,,,,,0
Abigal Larson,Virginia Tech,,,13,3,,,,,13
Lauren Meeker,Virginia Tech,,,,,,,,,0
Morgan Miller,Virginia Tech,14,3,,,,,,,14
Rose Pouch,Virginia Tech,,,,,,,,,0
Erin Quinn,Virginia Tech,,,,,,,,,0
Shelby Raber,Virginia Tech,,,,,,,,,0
Sophia Ryan,Virginia Tech,,,,,,,,,0
Sarah Shackelford,Virginia Tech,18,3,,,,,,,18
Julia Smith,Virginia Tech,1,3,,,,,,,1
Jenna Thompson,Virginia Tech,7,3,,,,,,,7
Brooke Travis,Virginia Tech,,,35,3,,,,,35
Rainey Vause,Virginia Tech,,,,,,,,,0
Ashley Worden,Virginia Tech,,,,,,,,,0
Andrea Acquista,University of Louisville,,,31,3,71,3,44,3,146
Erica Belcher,University of Louisville,,,,,,,53,3,53
Devon Bibault,University of Louisville,,,,,30,3,13,3,43
Kristina Brandenburg,University of Louisville,,,,,,,,,0
Mackenzie Buss,University of Louisville,,,6,3,6,3,,,12
Abigail Chin,University of Louisville,,,,,,,52,3,52
Emma Coakley,University of Louisville,,,,,,,,,0
Andrea Cottrell,University of Louisville,,,69,3,84,3,82,3,235
Johanna Cowley,University of Louisville,,,,,,,,,0
Kelsi Dahlia,University of Louisville,,,,,92,3,96,3,188
Nicole Glazer,University of Louisville,,,,,,,,,0
Abigail Houck,University of Louisville,,,30,3,59,3,43,3,132
Madaline Ingmire,University of Louisville,,,,,,,35,3,35
Andrea Kneppers,University of Louisville,,,,,67,3,41,3,108
Gisselle Kohoyda,University of Louisville,,,,,,,,,0
Lucy Kramer,University of Louisville,,,,,6,3,6,3,12
Tanja Kylliainen,University of Louisville,,,,,,,96,5,96
Lindsey Laporte,University of Louisville,,,,,,,,,0
Rachael Lewis,University of Louisville,,,,,,,,,0
Breann McDowell,University of Louisville,,,,,,,,,0
Mary Mittel,University of Louisville,,,,,,,,,0
Carly Munchel,University of Louisville,,,,,,,,,0
Alessandra Murphy,University of Louisville,,,,,,,,,0
Emily O'Neill,University of Louisville,,,,,,,,,0
Brittany Robinson,University of Louisville,,,,,,,,,0
Alexandra Sellers,University of Louisville,,,0,3,16,3,12,3,28
Emily Stalmack,University of Louisville,,,,,,,19,3,19
Kristina Steins,University of Louisville,,,7,3,,,,,7
Paige Ezell,University of Louisville,,,,,,,,,0
Rachel Grooms,University of Louisville,12,3,,,,,,,12
Lauren Herich,University of Louisville,,,,,,,,,0
Lauren James,University of Louisville,,,16,3,25,3,13,3,54
Ashley LeClair,University of Louisville,17,3,42,3,,,,,59
Hannah Magnuson,University of Louisville,13,3,11,2,8,3,,,32
Alli Murphy,University of Louisville,,,,,,,,,0
Margaret Patterson,University of Louisville,7,3,,,,,,,7
Marah Pugh,University of Louisville,41,3,37,3,1,1,,,79
Luana Ribeiro,University of Louisville,,,,,,,,,0
Emily Sarratt,University of Louisville,,,,,,,,,0
Caitlin Ahern,University of Louisville,,,,,,,,,0
Clara Baggett,University of Louisville,,,,,,,,,0
Rachael Bradford-Feldman,University of Louisville,77,3,73,4,82,3,,,232
Mallory Comerford,University of Louisville,88,4,92,3,96,3,96,3,372
Alina Kendzior,University of Louisville,62,4,71,4,63,4,59,4,255
Grace Long,University of Louisville,,,,,,,,,0
Emily Moser,University of Louisville,13,3,33,3,,,,,46
Manuela Sampaio,University of Louisville,6,3,,,,,,,6
Avery Braunecker,University of Louisville,,,26,3,33,3,,,59
Sophie Cattermole,University of Louisville,,,17,3,71,3,47,3,135
Casey Fanz,University of Louisville,51,3,49,3,33,3,53,3,186
Molly Fears,University of Louisville,22,3,59,3,61,3,71,3,213
Nastja Govejek,University of Louisville,,,,,,,,,0
Silvia Guerra,University of Louisville,38,3,,,,,,,38
Margaret Jahns,University of Louisville,,,7,3,,,,,7
Emily LeClair,University of Louisville,,,,,,,,,0
Grace Oglesby,University of Louisville,58,3,87,3,87,3,71,3,303
Brianna Price,University of Louisville,,,,,,,,,0
Michaela Sliney,University of Louisville,,,6,3,55,3,,,61
Sofie Underdahl,University of Louisville,21,3,,,,,,,21
Jillian Visscher,University of Louisville,33,3,61,3,49,3,38,3,181
Hannah Whiteley,University of Louisville,,,,,,,,,0
Mariia ASTASHKINA,University of Louisville,68,3,49,3,62,3,,,179
Morgan Friesen,University of Louisville,49,3,49,3,47,3,,,145
Rachel Howard,University of Louisville,,,,,,,,,0
Alina JUNGKLAUS,University of Louisville,,,,,,,,,0
Carley Lowe,University of Louisville,28,3,,,22,3,,,50
Arina OPENYSHEVA,University of Louisville,18,3,45,3,75,3,,,138
Ashlyn Schoof,University of Louisville,26,3,,,,,,,26
Diana Dunn,University of Louisville,,,23,3,,,,,23
Anika Holland,University of Louisville,,,,,,,,,0
Alena Kraus,University of Louisville,47,3,64,3,,,,,111
Elizabeth Lambert,University of Louisville,,,,,,,,,0
Sophia Middendorf,University of Louisville,,,,,,,,,0
Allyson Schafer,University of Louisville,,,,,,,,,0
Kaitlyn Schorr,University of Louisville,,,,,,,,,0
Annette Schultz,University of Louisville,,,,,,,,,0
Maria Sumida,University of Louisville,48,3,40,3,,,,,88
Kelly Tichenor,University of Louisville,,,,,,,,,0
Kaylee Wheeler,University of Louisville,31,3,31,3,,,,,62
Kyla Alexander,University of Louisville,,,,,,,,,0
Abigail Andrews,University of Louisville,14,3,,,,,,,14
Elizabeth Dodd,University of Louisville,,,,,,,,,0
Abbie Erickson,University of Louisville,,,,,,,,,0
Abigail Hay,University of Louisville,62,3,,,,,,,62
Madison Luther,University of Louisville,22,3,,,,,,,22
Christiana Regenauer,University of Louisville,50,3,,,,,,,50
